<?xml version="1.0" encoding="UTF-8"?>
<kml xmlns="http://www.opengis.net/kml/2.2">
  <Document>
    <name>クローバーコミュニケーションズ 活動エリア</name>
    <description>埼玉県越谷市・千葉県流山市 エリアマップ</description>
    
    <Style id="koshigayaStyle">
      <LineStyle>
        <color>ff10b981</color>
        <width>3.5</width>
      </LineStyle>
      <PolyStyle>
        <color>4010b981</color>
      </PolyStyle>
    </Style>
    
    <Style id="nagareyamaStyle">
      <LineStyle>
        <color>ff059669</color>
        <width>3.5</width>
      </LineStyle>
      <PolyStyle>
        <color>40059669</color>
      </PolyStyle>
    </Style>
    <Placemark>
      <name>埼玉県越谷市エリア</name>
      <description>株式会社クローバーコミュニケーションズ 越谷拠点展開エリア</description>
      <styleUrl>#koshigayaStyle</styleUrl>
      <Polygon>
        <outerBoundaryIs>
          <LinearRing>
            <coordinates>
              139.745233,35.893723,0
              139.745623,35.893252,0
              139.745677,35.893197,0
              139.746053,35.892814,0
              139.746762,35.892077,0
              139.747231,35.891722,0
              139.747608,35.891452,0
              139.748072,35.891258,0
              139.748258,35.891157,0
              139.748375,35.891103,0
              139.748377,35.891095,0
              139.748411,35.890949,0
              139.748411,35.890947,0
              139.748312,35.890516,0
              139.748096,35.889796,0
              139.747715,35.888521,0
              139.74756,35.888038,0
              139.747467,35.887813,0
              139.747425,35.887713,0
              139.747371,35.887568,0
              139.747416,35.887388,0
              139.747895,35.886602,0
              139.74811,35.886274,0
              139.748208,35.886124,0
              139.748238,35.886079,0
              139.748264,35.886039,0
              139.74862,35.885496,0
              139.748846,35.885152,0
              139.749144,35.884403,0
              139.749209,35.884351,0
              139.749262,35.884309,0
              139.749303,35.884276,0
              139.749415,35.884186,0
              139.749533,35.883966,0
              139.749713,35.883627,0
              139.749922,35.882871,0
              139.750067,35.882609,0
              139.750257,35.882411,0
              139.750356,35.882221,0
              139.750483,35.882032,0
              139.750673,35.881824,0
              139.750917,35.881472,0
              139.751025,35.881346,0
              139.751188,35.881219,0
              139.751414,35.881011,0
              139.751848,35.880732,0
              139.752002,35.88059,0
              139.752157,35.880446,0
              139.752219,35.880371,0
              139.752284,35.880293,0
              139.752583,35.880187,0
              139.752691,35.880149,0
              139.752853,35.880004,0
              139.753043,35.87976,0
              139.753214,35.879534,0
              139.753278,35.879327,0
              139.753386,35.879128,0
              139.753513,35.878966,0
              139.753847,35.878704,0
              139.754118,35.878541,0
              139.754471,35.878397,0
              139.754624,35.878357,0
              139.754778,35.878316,0
              139.754939,35.878296,0
              139.755054,35.878282,0
              139.755294,35.878252,0
              139.755376,35.878232,0
              139.755521,35.878196,0
              139.755655,35.878162,0
              139.755829,35.878119,0
              139.756004,35.878077,0
              139.75623,35.877932,0
              139.756242,35.877922,0
              139.756447,35.877761,0
              139.756736,35.877508,0
              139.756935,35.8773,0
              139.757016,35.877156,0
              139.757161,35.876957,0
              139.757259,35.876831,0
              139.757344,35.876721,0
              139.757351,35.876713,0
              139.757364,35.876691,0
              139.757463,35.876529,0
              139.757578,35.87634,0
              139.757604,35.876298,0
              139.757833,35.875944,0
              139.75793,35.875796,0
              139.758048,35.875588,0
              139.758201,35.875444,0
              139.758373,35.875209,0
              139.758526,35.874884,0
              139.75859,35.874522,0
              139.758671,35.874351,0
              139.758692,35.874222,0
              139.758716,35.874071,0
              139.758776,35.873921,0
              139.758807,35.873846,0
              139.758859,35.873797,0
              139.758896,35.873763,0
              139.758924,35.873737,0
              139.759159,35.873539,0
              139.759439,35.873322,0
              139.75964,35.873064,0
              139.759758,35.872847,0
              139.75992,35.872594,0
              139.76002,35.872404,0
              139.760074,35.872179,0
              139.760246,35.871872,0
              139.76049,35.871718,0
              139.760761,35.871456,0
              139.760924,35.871194,0
              139.760963,35.871138,0
              139.761023,35.87105,0
              139.76124,35.870788,0
              139.761551,35.87056,0
              139.761683,35.870463,0
              139.761993,35.870233,0
              139.762147,35.870142,0
              139.762328,35.870079,0
              139.762489,35.870037,0
              139.762499,35.870034,0
              139.762585,35.870028,0
              139.76277,35.870016,0
              139.763078,35.870007,0
              139.763602,35.86998,0
              139.764036,35.869944,0
              139.764406,35.869935,0
              139.764513,35.869925,0
              139.764713,35.869907,0
              139.765003,35.869871,0
              139.76522,35.869754,0
              139.765342,35.869652,0
              139.765382,35.869619,0
              139.765708,35.869375,0
              139.766053,35.869094,0
              139.766096,35.869059,0
              139.766238,35.868983,0
              139.766684,35.868743,0
              139.767016,35.868594,0
              139.767096,35.868559,0
              139.767458,35.868396,0
              139.767684,35.868297,0
              139.767837,35.868179,0
              139.768054,35.867926,0
              139.768226,35.867565,0
              139.768389,35.867349,0
              139.768606,35.867168,0
              139.769094,35.866969,0
              139.769528,35.866798,0
              139.769672,35.86669,0
              139.769799,35.866518,0
              139.769846,35.866314,0
              139.76989,35.86633,0
              139.770373,35.866503,0
              139.770456,35.866533,0
              139.770753,35.866251,0
              139.771111,35.865976,0
              139.771182,35.865931,0
              139.771371,35.865809,0
              139.771569,35.865458,0
              139.771921,35.864722,0
              139.772153,35.864266,0
              139.772386,35.863807,0
              139.772425,35.863722,0
              139.772484,35.863592,0
              139.772661,35.863205,0
              139.772882,35.862756,0
              139.773479,35.861637,0
              139.773518,35.861559,0
              139.773526,35.861542,0
              139.773823,35.860929,0
              139.773909,35.860774,0
              139.773956,35.86069,0
              139.773968,35.860669,0
              139.774235,35.860502,0
              139.774822,35.860167,0
              139.775004,35.860044,0
              139.775374,35.859796,0
              139.775635,35.85965,0
              139.775794,35.85956,0
              139.775848,35.859552,0
              139.776061,35.859522,0
              139.776397,35.859514,0
              139.776786,35.859499,0
              139.776848,35.859497,0
              139.776965,35.859494,0
              139.777038,35.859492,0
              139.77711,35.859467,0
              139.777198,35.859438,0
              139.777287,35.85936,0
              139.777388,35.859271,0
              139.777431,35.859223,0
              139.777704,35.858918,0
              139.777709,35.858912,0
              139.777854,35.858821,0
              139.778159,35.85876,0
              139.778739,35.858768,0
              139.779555,35.85873,0
              139.779803,35.858767,0
              139.779978,35.858844,0
              139.780146,35.859019,0
              139.780375,35.859232,0
              139.78052,35.859293,0
              139.780726,35.859324,0
              139.78094,35.859438,0
              139.781115,35.859614,0
              139.78118,35.859666,0
              139.781286,35.85975,0
              139.781306,35.859766,0
              139.781425,35.85977,0
              139.781552,35.859774,0
              139.781789,35.859782,0
              139.782285,35.859889,0
              139.783382,35.860031,0
              139.783872,35.860095,0
              139.78441,35.860198,0
              139.784467,35.860209,0
              139.785127,35.860357,0
              139.785684,35.860563,0
              139.78595,35.860653,0
              139.786225,35.860746,0
              139.78682,35.860952,0
              139.787112,35.861026,0
              139.787118,35.861028,0
              139.7874,35.861028,0
              139.787642,35.860991,0
              139.787652,35.86099,0
              139.788018,35.860861,0
              139.788213,35.860765,0
              139.788453,35.860647,0
              139.78888,35.860426,0
              139.789315,35.860289,0
              139.789517,35.860226,0
              139.789695,35.860182,0
              139.790554,35.859967,0
              139.79118,35.859716,0
              139.791882,35.859342,0
              139.791978,35.859299,0
              139.792381,35.859117,0
              139.792846,35.859041,0
              139.793514,35.859006,0
              139.793716,35.858996,0
              139.794219,35.859003,0
              139.794891,35.858881,0
              139.79544,35.858676,0
              139.79633,35.858156,0
              139.796742,35.858057,0
              139.797108,35.858072,0
              139.797258,35.858045,0
              139.797528,35.857996,0
              139.797588,35.857969,0
              139.797978,35.857791,0
              139.798077,35.857745,0
              139.798301,35.857574,0
              139.798336,35.857547,0
              139.798658,35.857314,0
              139.798941,35.857039,0
              139.799093,35.856765,0
              139.799284,35.856315,0
              139.799635,35.855469,0
              139.799663,35.855412,0
              139.799788,35.855157,0
              139.799917,35.855058,0
              139.800116,35.854951,0
              139.800401,35.854801,0
              139.800468,35.854766,0
              139.800551,35.854722,0
              139.800719,35.854932,0
              139.800752,35.854973,0
              139.800863,35.855111,0
              139.800978,35.855447,0
              139.801115,35.856064,0
              139.801194,35.856204,0
              139.801232,35.856249,0
              139.801286,35.856311,0
              139.801408,35.856326,0
              139.801697,35.856235,0
              139.802086,35.856136,0
              139.802262,35.856151,0
              139.802399,35.856181,0
              139.802567,35.856281,0
              139.802766,35.856524,0
              139.802895,35.856654,0
              139.803017,35.856684,0
              139.803231,35.856661,0
              139.803393,35.856636,0
              139.803612,35.8566,0
              139.80383,35.856532,0
              139.803856,35.856524,0
              139.803856,35.856425,0
              139.803773,35.856059,0
              139.803806,35.855772,0
              139.80387,35.855652,0
              139.803874,35.855643,0
              139.803949,35.855595,0
              139.803955,35.855591,0
              139.804015,35.855552,0
              139.804027,35.855544,0
              139.80421,35.855582,0
              139.804386,35.855651,0
              139.804546,35.855772,0
              139.804614,35.856024,0
              139.804576,35.856375,0
              139.804607,35.85655,0
              139.804693,35.856659,0
              139.804746,35.856689,0
              139.804923,35.85668,0
              139.805036,35.856674,0
              139.805403,35.856667,0
              139.805646,35.856751,0
              139.805791,35.856751,0
              139.805921,35.856682,0
              139.80589,35.856552,0
              139.805784,35.8564,0
              139.805776,35.856297,0
              139.80577,35.856224,0
              139.805768,35.856199,0
              139.805791,35.856066,0
              139.80592,35.855993,0
              139.805953,35.855975,0
              139.806028,35.855932,0
              139.806197,35.855862,0
              139.806243,35.855844,0
              139.806256,35.855839,0
              139.806354,35.855807,0
              139.806629,35.855725,0
              139.806896,35.855732,0
              139.807004,35.8558,0
              139.80715,35.85589,0
              139.807201,35.855946,0
              139.807212,35.855958,0
              139.80733,35.856087,0
              139.80762,35.856405,0
              139.807758,35.856557,0
              139.807929,35.856712,0
              139.808063,35.856868,0
              139.808114,35.856979,0
              139.808085,35.85712,0
              139.807788,35.857283,0
              139.807743,35.85732,0
              139.80784,35.857431,0
              139.807921,35.857468,0
              139.808174,35.857535,0
              139.808537,35.857631,0
              139.808686,35.857727,0
              139.808708,35.85792,0
              139.808693,35.857987,0
              139.808277,35.858309,0
              139.807988,35.858435,0
              139.807876,35.858539,0
              139.807861,35.858687,0
              139.807787,35.858879,0
              139.807683,35.85902,0
              139.807579,35.859183,0
              139.807579,35.859243,0
              139.807616,35.859272,0
              139.807743,35.859309,0
              139.808099,35.859339,0
              139.808529,35.859391,0
              139.809184,35.859484,0
              139.809378,35.859524,0
              139.809578,35.859565,0
              139.809585,35.859571,0
              139.809763,35.859721,0
              139.809889,35.859951,0
              139.809956,35.860151,0
              139.810104,35.860351,0
              139.810216,35.86044,0
              139.810498,35.860529,0
              139.810728,35.860573,0
              139.810945,35.860797,0
              139.811131,35.860975,0
              139.811213,35.86102,0
              139.811324,35.860975,0
              139.811962,35.860672,0
              139.812147,35.860575,0
              139.812209,35.860506,0
              139.812341,35.860356,0
              139.812378,35.860186,0
              139.812334,35.860119,0
              139.812171,35.860052,0
              139.811985,35.86,0
              139.811903,35.859956,0
              139.811748,35.859889,0
              139.811688,35.859778,0
              139.811629,35.859622,0
              139.811644,35.859518,0
              139.811807,35.859274,0
              139.812052,35.859081,0
              139.812208,35.858948,0
              139.812438,35.858785,0
              139.812616,35.858741,0
              139.812727,35.858763,0
              139.812863,35.858809,0
              139.812898,35.858822,0
              139.812986,35.859,0
              139.813068,35.859237,0
              139.813199,35.859282,0
              139.813305,35.859318,0
              139.813424,35.859126,0
              139.813431,35.859109,0
              139.813463,35.859021,0
              139.813513,35.858888,0
              139.813773,35.858785,0
              139.814018,35.859066,0
              139.813751,35.859281,0
              139.813633,35.859459,0
              139.813425,35.859829,0
              139.813471,35.859845,0
              139.813628,35.859899,0
              139.813989,35.860022,0
              139.813926,35.860156,0
              139.813899,35.860214,0
              139.813711,35.860631,0
              139.814109,35.860729,0
              139.81445,35.860855,0
              139.814728,35.860955,0
              139.815459,35.861218,0
              139.815984,35.861392,0
              139.816529,35.861572,0
              139.816646,35.861611,0
              139.817045,35.861752,0
              139.818179,35.862156,0
              139.819223,35.862526,0
              139.819284,35.862546,0
              139.820113,35.862815,0
              139.820149,35.862921,0
              139.820154,35.862935,0
              139.819976,35.863276,0
              139.820028,35.863295,0
              139.820078,35.863313,0
              139.820262,35.863379,0
              139.820671,35.863525,0
              139.820762,35.863558,0
              139.821099,35.863691,0
              139.821213,35.863736,0
              139.821326,35.86378,0
              139.821133,35.86424,0
              139.821889,35.864507,0
              139.821915,35.864516,0
              139.821967,35.864534,0
              139.82198,35.864539,0
              139.822002,35.864558,0
              139.8212901,35.8654668,0
              139.8211359,35.8656673,0
              139.8202195,35.8667962,0
              139.8189089,35.8683074,0
              139.8183177,35.8689965,0
              139.819371,35.869588,0
              139.820944,35.869684,0
              139.821469,35.869739,0
              139.822012,35.869795,0
              139.822425,35.869843,0
              139.822424,35.869907,0
              139.822423,35.869992,0
              139.822419,35.870294,0
              139.8224154,35.8703427,0
              139.8230782,35.8704057,0
              139.823835,35.8704776,0
              139.8245805,35.8705377,0
              139.8246303,35.8705417,0
              139.8257548,35.8706424,0
              139.8258843,35.8706521,0
              139.8260336,35.8707976,0
              139.8262076,35.8709474,0
              139.8263171,35.8709026,0
              139.8265944,35.8708548,0
              139.8268633,35.8708272,0
              139.8271139,35.870814,0
              139.8275007,35.8708019,0
              139.8275323,35.8708038,0
              139.8276181,35.8708088,0
              139.8276758,35.8708122,0
              139.8277975,35.8708193,0
              139.8279758,35.8708297,0
              139.8281231,35.8708383,0
              139.8282285,35.8708444,0
              139.8282703,35.8708474,0
              139.8283445,35.8708526,0
              139.8287495,35.8708812,0
              139.8289479,35.8708962,0
              139.829084,35.8709065,0
              139.8293254,35.8709312,0
              139.8295583,35.8709755,0
              139.8297429,35.8710106,0
              139.830362,35.871018,0
              139.8312011,35.8712594,0
              139.8312274,35.8714162,0
              139.831596,35.871542,0
              139.832153,35.871571,0
              139.832516,35.871542,0
              139.832686,35.871494,0
              139.832961,35.871416,0
              139.833139,35.871423,0
              139.833362,35.87149,0
              139.833524,35.871518,0
              139.833748,35.871557,0
              139.833985,35.87149,0
              139.834061,35.871419,0
              139.834215,35.871275,0
              139.834601,35.870801,0
              139.834838,35.870571,0
              139.834855,35.870526,0
              139.834887,35.87044,0
              139.834918,35.870357,0
              139.834922,35.870347,0
              139.834954,35.870263,0
              139.834969,35.870174,0
              139.83508,35.870026,0
              139.835115,35.87001,0
              139.835228,35.869959,0
              139.835399,35.869848,0
              139.835474,35.869811,0
              139.835593,35.869751,0
              139.835711,35.869692,0
              139.835807,35.869507,0
              139.835963,35.869344,0
              139.836222,35.869307,0
              139.836282,35.869418,0
              139.836445,35.869418,0
              139.836623,35.869336,0
              139.83686,35.869188,0
              139.837142,35.869166,0
              139.837243,35.86916,0
              139.83736,35.869154,0
              139.837535,35.869144,0
              139.837577,35.869153,0
              139.837699,35.869181,0
              139.837699,35.869396,0
              139.838463,35.869314,0
              139.838441,35.869107,0
              139.838626,35.869092,0
              139.839215,35.869045,0
              139.839271,35.86904,0
              139.839329,35.869917,0
              139.839338,35.870048,0
              139.83987,35.870004,0
              139.839922,35.870004,0
              139.839974,35.870745,0
              139.84003,35.871932,0
              139.840033,35.87201,0
              139.840122,35.873766,0
              139.840167,35.875594,0
              139.840167,35.877082,0
              139.840163,35.877106,0
              139.839952,35.878364,0
              139.839806,35.878993,0
              139.839743,35.879267,0
              139.839349,35.880363,0
              139.839229,35.880696,0
              139.839008,35.881312,0
              139.838812,35.881844,0
              139.838569,35.882503,0
              139.838294,35.883311,0
              139.838287,35.883336,0
              139.838058,35.88413,0
              139.838028,35.884634,0
              139.838016,35.884751,0
              139.837954,35.88533,0
              139.837963,35.885545,0
              139.837973,35.8858,0
              139.837979,35.885968,0
              139.837984,35.886094,0
              139.838118,35.886351,0
              139.838147,35.886407,0
              139.838637,35.887351,0
              139.838803,35.887675,0
              139.839082,35.888219,0
              139.839341,35.888925,0
              139.83935,35.888951,0
              139.839624,35.8897,0
              139.839735,35.890003,0
              139.839787,35.890228,0
              139.839859,35.89054,0
              139.839921,35.890811,0
              139.839959,35.891239,0
              139.839965,35.891309,0
              139.83998,35.891485,0
              139.839966,35.892009,0
              139.839965,35.892013,0
              139.83981,35.892765,0
              139.839659,35.893135,0
              139.839646,35.893165,0
              139.839377,35.893396,0
              139.839276,35.893484,0
              139.83863,35.893899,0
              139.837623,35.894304,0
              139.836844,35.894578,0
              139.836185,35.894786,0
              139.836108,35.89481,0
              139.836043,35.89483,0
              139.835294,35.895067,0
              139.834515,35.895282,0
              139.833854,35.895504,0
              139.833511,35.895636,0
              139.833231,35.895742,0
              139.832956,35.895848,0
              139.83195,35.896235,0
              139.830451,35.896879,0
              139.829865,35.897191,0
              139.829435,35.89745,0
              139.829034,35.897731,0
              139.82874,35.897953,0
              139.828611,35.89805,0
              139.828463,35.89828,0
              139.828381,35.898517,0
              139.828306,35.899019,0
              139.8282917,35.8992283,0
              139.828306,35.899456,0
              139.828335,35.899938,0
              139.828439,35.900279,0
              139.828678,35.900779,0
              139.829153,35.901424,0
              139.829459,35.901786,0
              139.829479,35.901809,0
              139.829717,35.902047,0
              139.830145,35.90238,0
              139.830341,35.902532,0
              139.830919,35.902881,0
              139.831743,35.903244,0
              139.832201,35.903438,0
              139.83225,35.903459,0
              139.832455,35.903473,0
              139.832762,35.903495,0
              139.832895,35.903504,0
              139.832899,35.903504,0
              139.833175,35.9035,0
              139.833278,35.903499,0
              139.833735,35.903493,0
              139.834089,35.903489,0
              139.83495,35.903444,0
              139.835136,35.903432,0
              139.835799,35.903387,0
              139.83622,35.903429,0
              139.836252,35.903432,0
              139.836444,35.903513,0
              139.83686,35.90378,0
              139.837059,35.903878,0
              139.837357,35.904024,0
              139.837558,35.904162,0
              139.837594,35.904187,0
              139.837743,35.904288,0
              139.83778,35.904314,0
              139.83778,35.904417,0
              139.837575,35.905287,0
              139.837544,35.90542,0
              139.837501,35.905605,0
              139.837409,35.905819,0
              139.837272,35.906137,0
              139.837106,35.90651,0
              139.836639,35.906991,0
              139.836624,35.907007,0
              139.836194,35.907251,0
              139.836064,35.907301,0
              139.835726,35.907431,0
              139.835507,35.907515,0
              139.835314,35.907589,0
              139.834521,35.907767,0
              139.834025,35.907841,0
              139.83397,35.907849,0
              139.833727,35.907886,0
              139.832948,35.907886,0
              139.832925,35.907882,0
              139.832154,35.90776,0
              139.831197,35.907599,0
              139.831096,35.907581,0
              139.830477,35.907465,0
              139.830109,35.907396,0
              139.829706,35.907331,0
              139.829101,35.907233,0
              139.828218,35.907152,0
              139.827684,35.907151,0
              139.827676,35.907151,0
              139.827673,35.907152,0
              139.827138,35.907245,0
              139.826994,35.90727,0
              139.826178,35.907426,0
              139.826065,35.907446,0
              139.825662,35.907517,0
              139.825132,35.907611,0
              139.824705,35.907781,0
              139.824293,35.907944,0
              139.824257,35.907959,0
              139.82422,35.907982,0
              139.823832,35.90822,0
              139.823822,35.908227,0
              139.823601,35.908381,0
              139.823224,35.908643,0
              139.82305,35.908847,0
              139.822801,35.909139,0
              139.822304,35.909776,0
              139.822148,35.910019,0
              139.821942,35.91034,0
              139.82194,35.910344,0
              139.821725,35.910832,0
              139.821655,35.911051,0
              139.821576,35.911299,0
              139.821346,35.912285,0
              139.821238,35.912627,0
              139.821122,35.912995,0
              139.820855,35.913358,0
              139.820649,35.913616,0
              139.820269,35.914091,0
              139.819868,35.914514,0
              139.819609,35.914641,0
              139.819446,35.914721,0
              139.818852,35.914944,0
              139.818154,35.915166,0
              139.817849,35.915266,0
              139.817512,35.915377,0
              139.817278,35.915409,0
              139.816688,35.915489,0
              139.815686,35.915518,0
              139.815622,35.915519,0
              139.814834,35.915533,0
              139.814285,35.915585,0
              139.813424,35.915726,0
              139.813063,35.915765,0
              139.811978,35.915884,0
              139.811791,35.915907,0
              139.810776,35.916033,0
              139.810436,35.916079,0
              139.810183,35.916114,0
              139.809218,35.916277,0
              139.807972,35.916529,0
              139.807477,35.916642,0
              139.807173,35.916768,0
              139.806935,35.916886,0
              139.806535,35.917101,0
              139.806201,35.917353,0
              139.805948,35.917595,0
              139.805726,35.917806,0
              139.805338,35.918277,0
              139.80514,35.918517,0
              139.805006,35.918776,0
              139.804933,35.918917,0
              139.804931,35.918919,0
              139.804897,35.918986,0
              139.804703,35.919365,0
              139.804636,35.919676,0
              139.804583,35.919874,0
              139.804555,35.920011,0
              139.804538,35.920157,0
              139.804526,35.920251,0
              139.804549,35.920769,0
              139.804561,35.920957,0
              139.804601,35.921564,0
              139.804715,35.922456,0
              139.804766,35.922778,0
              139.804801,35.922999,0
              139.804876,35.923257,0
              139.804956,35.923452,0
              139.805071,35.923635,0
              139.805265,35.923818,0
              139.805594,35.924132,0
              139.805641,35.924176,0
              139.805961,35.924411,0
              139.806397,35.92476,0
              139.806746,35.925046,0
              139.807199,35.925407,0
              139.80741,35.925587,0
              139.807464,35.925634,0
              139.807934,35.926,0
              139.808341,35.926252,0
              139.809074,35.926641,0
              139.809401,35.926779,0
              139.80963,35.926819,0
              139.809943,35.926801,0
              139.810424,35.926807,0
              139.810741,35.92684,0
              139.81098,35.926864,0
              139.811273,35.926921,0
              139.811541,35.926973,0
              139.812295,35.92718,0
              139.812828,35.927329,0
              139.81363,35.927535,0
              139.813951,35.927632,0
              139.814466,35.927799,0
              139.814899,35.927962,0
              139.815351,35.92818,0
              139.815873,35.928449,0
              139.816153,35.928615,0
              139.816328,35.928731,0
              139.816377,35.928764,0
              139.816755,35.929044,0
              139.816881,35.929152,0
              139.817072,35.929316,0
              139.817329,35.929535,0
              139.817341,35.929545,0
              139.817685,35.929877,0
              139.817874,35.930169,0
              139.818069,35.930495,0
              139.8182,35.930884,0
              139.818235,35.931159,0
              139.818257,35.931568,0
              139.818256,35.931585,0
              139.818245,35.931759,0
              139.818148,35.931994,0
              139.818051,35.932183,0
              139.817879,35.932401,0
              139.817731,35.932573,0
              139.817707,35.932601,0
              139.817671,35.932628,0
              139.81738,35.932847,0
              139.817151,35.933054,0
              139.816846,35.933319,0
              139.816611,35.933531,0
              139.816358,35.933812,0
              139.816141,35.934109,0
              139.815923,35.934453,0
              139.815883,35.934506,0
              139.815734,35.934705,0
              139.815441,35.935126,0
              139.815195,35.935441,0
              139.814948,35.935744,0
              139.814926,35.935772,0
              139.814627,35.936151,0
              139.814444,35.936408,0
              139.814278,35.936666,0
              139.814069,35.936847,0
              139.81329,35.937527,0
              139.812463,35.938246,0
              139.812337,35.938356,0
              139.811949,35.938648,0
              139.811913,35.938676,0
              139.811879,35.938707,0
              139.811449,35.939094,0
              139.811059,35.939421,0
              139.810623,35.939707,0
              139.810366,35.939827,0
              139.810069,35.939908,0
              139.809811,35.93998,0
              139.809193,35.940151,0
              139.809141,35.940165,0
              139.808614,35.940309,0
              139.80823,35.940389,0
              139.807789,35.940412,0
              139.807221,35.94043,0
              139.807079,35.940434,0
              139.806731,35.940476,0
              139.806602,35.940508,0
              139.806089,35.940637,0
              139.805522,35.940768,0
              139.80458,35.941016,0
              139.803285,35.941251,0
              139.802429,35.941428,0
              139.801899,35.941538,0
              139.801424,35.941648,0
              139.801116,35.941799,0
              139.8011,35.941806,0
              139.800859,35.941985,0
              139.800767,35.942062,0
              139.800578,35.942219,0
              139.800336,35.942453,0
              139.800228,35.942555,0
              139.800093,35.942682,0
              139.799934,35.942896,0
              139.799859,35.943095,0
              139.799797,35.943397,0
              139.799686,35.943934,0
              139.799662,35.944091,0
              139.799631,35.944284,0
              139.799569,35.944749,0
              139.799493,35.945155,0
              139.799424,35.945444,0
              139.799287,35.945932,0
              139.799129,35.94642,0
              139.799076,35.946537,0
              139.799012,35.946681,0
              139.798812,35.946936,0
              139.798674,35.947059,0
              139.798499,35.947242,0
              139.798369,35.947377,0
              139.798142,35.947614,0
              139.79777,35.948039,0
              139.797716,35.948102,0
              139.797433,35.948349,0
              139.797117,35.948618,0
              139.796731,35.9489,0
              139.796137,35.949288,0
              139.795828,35.949467,0
              139.79547,35.949632,0
              139.79546,35.949636,0
              139.794789,35.949907,0
              139.794485,35.950064,0
              139.794428,35.950093,0
              139.794163,35.95023,0
              139.793664,35.950597,0
              139.793278,35.950865,0
              139.793016,35.951092,0
              139.792927,35.951168,0
              139.792514,35.951463,0
              139.791971,35.951876,0
              139.791149,35.952533,0
              139.790661,35.952918,0
              139.790564,35.952988,0
              139.790461,35.953062,0
              139.790395,35.953117,0
              139.790193,35.953289,0
              139.789938,35.953461,0
              139.789656,35.953571,0
              139.789164,35.953787,0
              139.788875,35.953946,0
              139.788696,35.954069,0
              139.788344,35.954298,0
              139.788304,35.954324,0
              139.788139,35.954425,0
              139.787946,35.954544,0
              139.787609,35.954736,0
              139.787293,35.954908,0
              139.786948,35.955073,0
              139.786776,35.955144,0
              139.786236,35.955364,0
              139.785561,35.955591,0
              139.785359,35.955682,0
              139.785045,35.955825,0
              139.784598,35.956011,0
              139.78424,35.956121,0
              139.783666,35.956302,0
              139.783074,35.956501,0
              139.782448,35.956707,0
              139.781945,35.956859,0
              139.78136,35.957099,0
              139.780208,35.957514,0
              139.77943,35.957844,0
              139.7790175,35.9580125,0
              139.778281,35.958367,0
              139.7779,35.95857,0
              139.777654,35.958416,0
              139.777363,35.958233,0
              139.777301,35.958075,0
              139.777301,35.957917,0
              139.777459,35.957691,0
              139.777913,35.957217,0
              139.778306,35.956708,0
              139.778478,35.956412,0
              139.778546,35.955794,0
              139.778628,35.955677,0
              139.778646,35.955651,0
              139.77876,35.955487,0
              139.778912,35.955302,0
              139.778968,35.955246,0
              139.779043,35.955171,0
              139.779058,35.954872,0
              139.779091,35.954222,0
              139.779104,35.953727,0
              139.779036,35.953507,0
              139.778933,35.95326,0
              139.77865,35.952802,0
              139.778523,35.952558,0
              139.778471,35.952458,0
              139.778286,35.952231,0
              139.778107,35.951915,0
              139.777914,35.951467,0
              139.777244,35.95026,0
              139.777244,35.950259,0
              139.777003,35.949943,0
              139.776969,35.949857,0
              139.776954,35.949819,0
              139.776797,35.949421,0
              139.776779,35.949384,0
              139.776731,35.949286,0
              139.77657,35.948953,0
              139.776432,35.948712,0
              139.776321,35.948356,0
              139.776149,35.947971,0
              139.776093,35.947751,0
              139.776093,35.947517,0
              139.776142,35.946966,0
              139.776183,35.946224,0
              139.776206,35.945926,0
              139.776212,35.945851,0
              139.776217,35.945784,0
              139.776262,35.945545,0
              139.776266,35.94552,0
              139.776308,35.945299,0
              139.776432,35.945168,0
              139.776535,35.944914,0
              139.776597,35.944783,0
              139.776769,35.944556,0
              139.777017,35.944336,0
              139.777264,35.94413,0
              139.777629,35.943862,0
              139.778158,35.943586,0
              139.778348,35.943487,0
              139.779057,35.943095,0
              139.779769,35.94281,0
              139.779883,35.942765,0
              139.780009,35.942719,0
              139.78035,35.942593,0
              139.781102,35.942363,0
              139.781273,35.942311,0
              139.782646,35.941964,0
              139.783032,35.941874,0
              139.783024,35.941854,0
              139.782848,35.941384,0
              139.782805,35.94127,0
              139.782795,35.941244,0
              139.782743,35.941104,0
              139.782598,35.941104,0
              139.78224,35.940362,0
              139.781793,35.940506,0
              139.781738,35.940414,0
              139.781483,35.939983,0
              139.781469,35.939959,0
              139.781425,35.939884,0
              139.781369,35.939789,0
              139.781323,35.93971,0
              139.781275,35.939627,0
              139.781127,35.939651,0
              139.780484,35.939751,0
              139.780381,35.939546,0
              139.780325,35.939434,0
              139.780222,35.939229,0
              139.780002,35.938933,0
              139.779651,35.939029,0
              139.779204,35.938108,0
              139.779071,35.938149,0
              139.778913,35.938198,0
              139.778536,35.938314,0
              139.778598,35.938486,0
              139.778134,35.938687,0
              139.77801,35.938741,0
              139.777782,35.938839,0
              139.777203,35.939004,0
              139.777388,35.937869,0
              139.777352,35.937858,0
              139.777177,35.937807,0
              139.777054,35.937771,0
              139.776991,35.937753,0
              139.774818,35.937778,0
              139.774744,35.937779,0
              139.774053,35.937788,0
              139.773003,35.937802,0
              139.772598,35.937807,0
              139.769899,35.937824,0
              139.769659,35.937826,0
              139.769604,35.937712,0
              139.769361,35.937212,0
              139.769215,35.937118,0
              139.768968,35.937007,0
              139.768701,35.93693,0
              139.768539,35.936906,0
              139.768411,35.936887,0
              139.768371,35.936749,0
              139.768317,35.936554,0
              139.76804,35.936657,0
              139.767813,35.936742,0
              139.767758,35.936582,0
              139.767591,35.936094,0
              139.767068,35.936206,0
              139.767016,35.936217,0
              139.766917,35.936239,0
              139.7669,35.936215,0
              139.766755,35.936008,0
              139.766701,35.935724,0
              139.766652,35.935462,0
              139.766174,35.935377,0
              139.766096,35.93554,0
              139.766064,35.935607,0
              139.765973,35.935594,0
              139.765811,35.935571,0
              139.765538,35.935531,0
              139.765538,35.935999,0
              139.765136,35.936092,0
              139.765162,35.936314,0
              139.764925,35.936324,0
              139.764558,35.93634,0
              139.764517,35.93643,0
              139.764444,35.936592,0
              139.764407,35.936673,0
              139.764379,35.936736,0
              139.76431,35.936888,0
              139.763441,35.937653,0
              139.763343,35.93774,0
              139.763249,35.937823,0
              139.76254,35.938447,0
              139.76226,35.938694,0
              139.761615,35.939226,0
              139.760937,35.939784,0
              139.760738,35.940061,0
              139.760669,35.940156,0
              139.759866,35.94076,0
              139.759769,35.940834,0
              139.760161,35.941122,0
              139.759872,35.94139,0
              139.760151,35.941664,0
              139.759876,35.941946,0
              139.759994,35.9422,0
              139.76013,35.942491,0
              139.759909,35.942666,0
              139.760055,35.942786,0
              139.760187,35.942895,0
              139.76061,35.943243,0
              139.760896,35.943473,0
              139.760666,35.943669,0
              139.760059,35.944186,0
              139.759858,35.94405,0
              139.759684,35.944187,0
              139.759378,35.944426,0
              139.759099,35.944251,0
              139.758817,35.944494,0
              139.75868,35.944494,0
              139.758557,35.944455,0
              139.758239,35.944222,0
              139.757512,35.943709,0
              139.75712,35.943432,0
              139.757237,35.943205,0
              139.756958,35.943024,0
              139.756858,35.942972,0
              139.756683,35.942882,0
              139.756553,35.942814,0
              139.7565,35.942787,0
              139.756231,35.942648,0
              139.756032,35.942486,0
              139.755601,35.942135,0
              139.754966,35.942615,0
              139.754855,35.942732,0
              139.754719,35.942732,0
              139.754583,35.942667,0
              139.75433,35.942464,0
              139.754249,35.94241,0
              139.754178,35.942362,0
              139.753817,35.942576,0
              139.753586,35.942383,0
              139.753465,35.942479,0
              139.752984,35.94209,0
              139.75289,35.942014,0
              139.753056,35.941861,0
              139.752846,35.941685,0
              139.753027,35.941362,0
              139.752578,35.94098,0
              139.752567,35.940972,0
              139.752463,35.940894,0
              139.75237,35.940822,0
              139.752141,35.940649,0
              139.751941,35.940529,0
              139.75242,35.940049,0
              139.752708,35.939761,0
              139.753206,35.939252,0
              139.753604,35.938843,0
              139.753434,35.938727,0
              139.753804,35.938342,0
              139.754214,35.937916,0
              139.754831,35.938209,0
              139.755245,35.937762,0
              139.755374,35.937623,0
              139.755878,35.937943,0
              139.755977,35.938016,0
              139.756067,35.938081,0
              139.756189,35.938171,0
              139.756292,35.938245,0
              139.75645,35.938137,0
              139.756776,35.938374,0
              139.75734,35.9379,0
              139.757124,35.937716,0
              139.757029,35.937557,0
              139.756949,35.937424,0
              139.756884,35.937316,0
              139.756846,35.937251,0
              139.757041,35.937094,0
              139.756567,35.936918,0
              139.756499,35.936668,0
              139.756486,35.936621,0
              139.756367,35.936182,0
              139.756302,35.935945,0
              139.755753,35.936035,0
              139.755621,35.935664,0
              139.755082,35.935743,0
              139.754955,35.935761,0
              139.754794,35.93537,0
              139.75427,35.935458,0
              139.754133,35.935262,0
              139.753983,35.934839,0
              139.753533,35.934893,0
              139.753357,35.934443,0
              139.753748,35.934321,0
              139.753631,35.933866,0
              139.753166,35.933964,0
              139.753049,35.933612,0
              139.75346,35.933514,0
              139.753131,35.932564,0
              139.752724,35.932657,0
              139.752413,35.931739,0
              139.752734,35.931677,0
              139.75273,35.931587,0
              139.752715,35.931416,0
              139.752693,35.931244,0
              139.752669,35.931116,0
              139.752667,35.931102,0
              139.752614,35.931035,0
              139.752308,35.930781,0
              139.751974,35.930382,0
              139.751533,35.929934,0
              139.751152,35.92949,0
              139.750832,35.929509,0
              139.750765,35.929513,0
              139.75069,35.929374,0
              139.750636,35.929276,0
              139.750611,35.929229,0
              139.750529,35.929079,0
              139.750478,35.928873,0
              139.750351,35.928817,0
              139.750176,35.928741,0
              139.750172,35.928738,0
              139.74999,35.928623,0
              139.749829,35.928491,0
              139.749821,35.928482,0
              139.749694,35.928362,0
              139.749629,35.92827,0
              139.749614,35.92825,0
              139.749548,35.928155,0
              139.749451,35.927891,0
              139.749391,35.927788,0
              139.749351,35.927723,0
              139.749348,35.927716,0
              139.749215,35.927554,0
              139.749161,35.927489,0
              139.749091,35.927402,0
              139.7490318,35.9272711,0
              139.7489996,35.9270618,0
              139.7489371,35.9269847,0
              139.7488968,35.9269195,0
              139.7486805,35.9269873,0
              139.7485852,35.9269056,0
              139.7480981,35.9268244,0
              139.7477756,35.9267806,0
              139.7474531,35.9267492,0
              139.7473414,35.9267621,0
              139.7470884,35.9268228,0
              139.7468916,35.9268681,0
              139.7466902,35.9269143,0
              139.7464779,35.9269425,0
              139.7463415,35.9269432,0
              139.7461228,35.9269176,0
              139.7458929,35.9268714,0
              139.7457218,35.9268261,0
              139.7454986,35.9267552,0
              139.7454333,35.926729,0
              139.745454,35.9266928,0
              139.7454742,35.926637,0
              139.7454901,35.9265833,0
              139.7454952,35.9264142,0
              139.7454738,35.9262205,0
              139.7454029,35.9260321,0
              139.7454556,35.9260219,0
              139.7455107,35.9260086,0
              139.7455718,35.9259967,0
              139.7456303,35.925985,0
              139.7457075,35.9259665,0
              139.7458033,35.9259468,0
              139.7458984,35.9259233,0
              139.7461421,35.925862,0
              139.7460979,35.9255578,0
              139.7466283,35.925468,0
              139.7465802,35.9250859,0
              139.7465846,35.9248784,0
              139.7462095,35.9247518,0
              139.7461057,35.9247064,0
              139.7461751,35.9245147,0
              139.7464442,35.9237888,0
              139.7465518,35.923774,0
              139.7465742,35.923711,0
              139.7466102,35.9235758,0
              139.7466499,35.923449,0
              139.7467072,35.9232732,0
              139.7467421,35.923184,0
              139.74677,35.9230958,0
              139.7468055,35.9229987,0
              139.7468229,35.9229406,0
              139.7468696,35.9227474,0
              139.7468714,35.9227292,0
              139.74686,35.922702,0
              139.7466935,35.9221809,0
              139.7468774,35.9221499,0
              139.7470119,35.922129,0
              139.7472341,35.9220955,0
              139.7473574,35.922085,0
              139.7474538,35.9220713,0
              139.747596,35.9220558,0
              139.7477462,35.9220311,0
              139.7478263,35.9220217,0
              139.7479573,35.9219988,0
              139.7481143,35.9219773,0
              139.7481811,35.9219602,0
              139.7481106,35.9218886,0
              139.7479448,35.9217466,0
              139.7477761,35.9215995,0
              139.7472769,35.9212021,0
              139.7472445,35.9211318,0
              139.7471299,35.9209129,0
              139.7470124,35.9206884,0
              139.7469187,35.9205094,0
              139.7468726,35.9204215,0
              139.7467889,35.9202615,0
              139.7467626,35.9202114,0
              139.746675,35.920044,0
              139.746634,35.919961,0
              139.746589,35.919871,0
              139.746368,35.91947,0
              139.7460118,35.918752,0
              139.7454803,35.9177798,0
              139.7453966,35.9176506,0
              139.7453599,35.917589,0
              139.7454056,35.9175267,0
              139.7454559,35.9174739,0
              139.7455637,35.9173861,0
              139.7456182,35.9173464,0
              139.7457038,35.9172865,0
              139.7458037,35.9172149,0
              139.7460216,35.9170322,0
              139.7462916,35.9168331,0
              139.7464186,35.9167401,0
              139.7465499,35.9166398,0
              139.7466848,35.9165457,0
              139.7469872,35.9162927,0
              139.7470802,35.9162077,0
              139.7478952,35.9155765,0
              139.7485968,35.915023,0
              139.7485284,35.9149724,0
              139.748579,35.914604,0
              139.748791,35.913902,0
              139.748945,35.913177,0
              139.749077,35.912629,0
              139.749177,35.912191,0
              139.749311,35.911597,0
              139.749422,35.91111,0
              139.749522,35.9111272,0
              139.750203,35.911238,0
              139.752366,35.911593,0
              139.752506,35.911116,0
              139.752624,35.910711,0
              139.752679,35.910525,0
              139.752762,35.91024,0
              139.75278,35.910179,0
              139.75435,35.910475,0
              139.754504,35.910482,0
              139.754581,35.910011,0
              139.754592,35.909941,0
              139.754885,35.908683,0
              139.755075,35.907959,0
              139.755096,35.907871,0
              139.755184,35.907502,0
              139.754701,35.907415,0
              139.754733,35.907288,0
              139.754976,35.906315,0
              139.75523,35.9053,0
              139.755388,35.904672,0
              139.754431,35.904496,0
              139.754167,35.904447,0
              139.754188,35.904362,0
              139.754437,35.903361,0
              139.754438,35.903356,0
              139.754561,35.902859,0
              139.754709,35.902259,0
              139.754817,35.901825,0
              139.754687,35.901803,0
              139.754134,35.901711,0
              139.752697,35.901471,0
              139.752551,35.901446,0
              139.752416,35.901051,0
              139.752372,35.900863,0
              139.752116,35.899786,0
              139.752114,35.899779,0
              139.751991,35.899433,0
              139.752103,35.899336,0
              139.752125,35.899316,0
              139.752291,35.899172,0
              139.752967,35.898728,0
              139.75261,35.898477,0
              139.753054,35.898149,0
              139.753244,35.898325,0
              139.753325,35.8984,0
              139.753895,35.898081,0
              139.753605,35.897811,0
              139.753663,35.897714,0
              139.753161,35.897481,0
              139.752571,35.897208,0
              139.752627,35.897122,0
              139.753305,35.896088,0
              139.753351,35.896042,0
              139.753462,35.895929,0
              139.753472,35.895784,0
              139.753356,35.895524,0
              139.753211,35.895273,0
              139.753134,35.895244,0
              139.752959,35.895234,0
              139.75265,35.895244,0
              139.75237,35.895292,0
              139.752041,35.895244,0
              139.751906,35.895195,0
              139.751886,35.895175,0
              139.751845,35.895134,0
              139.751809,35.895099,0
              139.751664,35.89506,0
              139.751524,35.895076,0
              139.751403,35.895089,0
              139.751378,35.895096,0
              139.751271,35.895124,0
              139.751176,35.895149,0
              139.751104,35.895205,0
              139.751086,35.89522,0
              139.75104,35.895256,0
              139.750945,35.895332,0
              139.750895,35.895372,0
              139.750712,35.895439,0
              139.750238,35.895449,0
              139.749823,35.895478,0
              139.749561,35.895449,0
              139.749378,35.895304,0
              139.749088,35.895062,0
              139.748721,35.894898,0
              139.74845,35.89485,0
              139.748121,35.894734,0
              139.748044,35.894696,0
              139.748044,35.894478,0
              139.747986,35.894401,0
              139.747793,35.894304,0
              139.747512,35.894246,0
              139.747473,35.894237,0
              139.747396,35.894219,0
              139.747046,35.894232,0
              139.746923,35.894237,0
              139.746888,35.89424,0
              139.746762,35.894252,0
              139.746478,35.894255,0
              139.746094,35.894258,0
              139.745761,35.894218,0
              139.745721,35.894153,0
              139.745777,35.893926,0
              139.745623,35.893771,0
              139.745233,35.893723,0
            </coordinates>
          </LinearRing>
        </outerBoundaryIs>
      </Polygon>
    </Placemark>
    <Placemark>
      <name>千葉県流山市エリア</name>
      <description>株式会社クローバーコミュニケーションズ 流山拠点展開エリア</description>
      <styleUrl>#nagareyamaStyle</styleUrl>
      <Polygon>
        <outerBoundaryIs>
          <LinearRing>
            <coordinates>
              139.87475,35.912941,0
              139.87542,35.912247,0
              139.876199,35.911385,0
              139.876496,35.911036,0
              139.877051,35.910146,0
              139.877107,35.910057,0
              139.877476,35.909472,0
              139.877654,35.909179,0
              139.87865,35.907571,0
              139.879166,35.906637,0
              139.879528,35.905834,0
              139.879784,35.905316,0
              139.879959,35.905031,0
              139.87996,35.905029,0
              139.880225,35.904606,0
              139.880543,35.904252,0
              139.881283,35.903535,0
              139.882184,35.902779,0
              139.883128,35.901852,0
              139.883789,35.901078,0
              139.885279,35.899231,0
              139.886415,35.897737,0
              139.886956,35.897025,0
              139.88873,35.894475,0
              139.889914,35.892561,0
              139.890346,35.891687,0
              139.891242,35.88965,0
              139.891484,35.889101,0
              139.8922557,35.8873052,0
              139.892703,35.886252,0
              139.893046,35.885425,0
              139.893223,35.884708,0
              139.89339,35.883024,0
              139.893619,35.881577,0
              139.893724,35.88092,0
              139.893788,35.88052,0
              139.89421,35.87862,0
              139.894457,35.877546,0
              139.894845,35.876556,0
              139.895282,35.875747,0
              139.895428,35.875478,0
              139.896309,35.874072,0
              139.896999,35.872796,0
              139.897162,35.872419,0
              139.8972883,35.872086,0
              139.8976904,35.870989,0
              139.897906,35.870444,0
              139.8983882,35.869023,0
              139.8989566,35.8675402,0
              139.8991847,35.8670076,0
              139.8992451,35.86686,0
              139.8997629,35.865758,0
              139.9000001,35.8648877,0
              139.9000976,35.8642356,0
              139.900094,35.8637127,0
              139.9000195,35.8632222,0
              139.8997613,35.8625583,0
              139.8992439,35.8616216,0
              139.8984491,35.8604433,0
              139.8978714,35.859493,0
              139.897693,35.859058,0
              139.8975568,35.8585698,0
              139.8974522,35.858153,0
              139.8971919,35.8571442,0
              139.896918,35.8560673,0
              139.8963996,35.8544398,0
              139.8963082,35.8539771,0
              139.8962439,35.85374,0
              139.8957675,35.852755,0
              139.8956005,35.8524679,0
              139.8951923,35.8518916,0
              139.8946878,35.8513428,0
              139.8939084,35.8506104,0
              139.8937298,35.8504278,0
              139.8935269,35.8502436,0
              139.8930647,35.8497239,0
              139.8925538,35.8490496,0
              139.8923371,35.8486348,0
              139.8912917,35.8464095,0
              139.890898,35.845641,0
              139.8904895,35.8449207,0
              139.890281,35.844513,0
              139.890031,35.844003,0
              139.88974,35.843049,0
              139.889546,35.842027,0
              139.889543,35.841994,0
              139.889466,35.841095,0
              139.889581,35.839917,0
              139.889828,35.838199,0
              139.889898,35.837554,0
              139.889893,35.837459,0
              139.889846,35.836553,0
              139.889838,35.836372,0
              139.889682,35.835911,0
              139.889624,35.835741,0
              139.888948,35.833968,0
              139.888635,35.832895,0
              139.888518,35.832167,0
              139.888446,35.831158,0
              139.888509,35.830198,0
              139.889488,35.830191,0
              139.889892,35.830187,0
              139.890572,35.830182,0
              139.890909,35.830179,0
              139.8912794,35.8302857,0
              139.894337,35.8302471,0
              139.8943073,35.8292091,0
              139.8948437,35.8291982,0
              139.8947632,35.8281653,0
              139.8956268,35.8281447,0
              139.8961312,35.8281327,0
              139.8961151,35.8275868,0
              139.9004844,35.8274933,0
              139.9005997,35.8276607,0
              139.9004549,35.8277151,0
              139.900707,35.828548,0
              139.9000472,35.8285676,0
              139.9000391,35.8289503,0
              139.8985746,35.8293787,0
              139.8987301,35.8301414,0
              139.8986149,35.8301454,0
              139.897457,35.8301645,0
              139.89747,35.830606,0
              139.897489,35.831126,0
              139.898449,35.8307503,0
              139.8985191,35.8310039,0
              139.8985246,35.8310967,0
              139.8989149,35.8310351,0
              139.8988013,35.830565,0
              139.8992693,35.8304802,0
              139.8994169,35.8309705,0
              139.901509,35.8305943,0
              139.9019006,35.83206,0
              139.9019824,35.832483,0
              139.9019891,35.8326743,0
              139.90329,35.8324449,0
              139.9035636,35.8335344,0
              139.9061224,35.8330755,0
              139.9062614,35.833662,0
              139.9063531,35.8340171,0
              139.905771,35.8341149,0
              139.9058876,35.8345392,0
              139.9060041,35.8349801,0
              139.9060951,35.8353364,0
              139.9061256,35.8354956,0
              139.9061809,35.8356974,0
              139.9062185,35.8358512,0
              139.9062318,35.8359057,0
              139.9062747,35.8360753,0
              139.9063773,35.8364804,0
              139.9064226,35.8366591,0
              139.9064376,35.8367182,0
              139.9067353,35.8367198,0
              139.9071877,35.8367223,0
              139.9074078,35.8367235,0
              139.9076544,35.8367249,0
              139.9078395,35.8367259,0
              139.9082707,35.8367292,0
              139.9083402,35.8367297,0
              139.9085191,35.8367248,0
              139.9086697,35.8367116,0
              139.9090781,35.8366786,0
              139.9097082,35.8366259,0
              139.9099722,35.8366026,0
              139.9109046,35.8365202,0
              139.911452,35.8364713,0
              139.9121197,35.8364116,0
              139.912177,35.8364045,0
              139.912424,35.8363738,0
              139.9126191,35.8365419,0
              139.9127632,35.8366656,0
              139.9128529,35.8367264,0
              139.9129891,35.8368204,0
              139.913225,35.836973,0
              139.9133845,35.8370789,0
              139.9136279,35.8372101,0
              139.9138035,35.837295,0
              139.9139637,35.8373674,0
              139.9141825,35.8374573,0
              139.9144028,35.8375585,0
              139.9145553,35.8376272,0
              139.9146807,35.8377027,0
              139.9148242,35.8377861,0
              139.9155918,35.8383145,0
              139.9157328,35.8384452,0
              139.916153,35.838772,0
              139.916478,35.839117,0
              139.917158,35.839841,0
              139.917263,35.839981,0
              139.917673,35.84053,0
              139.917829,35.840808,0
              139.917999,35.841299,0
              139.91807,35.841428,0
              139.918105,35.841492,0
              139.918135,35.841546,0
              139.918168,35.841607,0
              139.918182,35.841723,0
              139.918209,35.841841,0
              139.918338,35.842449,0
              139.918326,35.842751,0
              139.918311,35.843066,0
              139.918216,35.843414,0
              139.917986,35.843947,0
              139.917897,35.844162,0
              139.917823,35.844289,0
              139.917782,35.84436,0
              139.917728,35.844498,0
              139.917701,35.844697,0
              139.917728,35.845107,0
              139.917735,35.845201,0
              139.91783,35.845422,0
              139.917898,35.845576,0
              139.918094,35.84588,0
              139.918271,35.846064,0
              139.918595,35.846347,0
              139.918637,35.846384,0
              139.918659,35.846401,0
              139.919112,35.846742,0
              139.920003,35.847406,0
              139.921088,35.848195,0
              139.921519,35.848483,0
              139.921691,35.848598,0
              139.922223,35.848847,0
              139.922582,35.849018,0
              139.922756,35.849064,0
              139.922942,35.849112,0
              139.923355,35.849201,0
              139.923594,35.849245,0
              139.924601,35.849386,0
              139.924849,35.849421,0
              139.927011,35.849643,0
              139.927518,35.849697,0
              139.927959,35.849737,0
              139.928311,35.849769,0
              139.928486,35.849735,0
              139.928508,35.849731,0
              139.928726,35.849636,0
              139.928855,35.849547,0
              139.929018,35.849399,0
              139.929153,35.849249,0
              139.929204,35.849178,0
              139.92954,35.848709,0
              139.929771,35.848271,0
              139.92984,35.8481,0
              139.930086,35.847495,0
              139.930132,35.847383,0
              139.930164,35.847303,0
              139.930175,35.847273,0
              139.930215,35.847163,0
              139.930254,35.847051,0
              139.930294,35.846939,0
              139.930296,35.846934,0
              139.9303759,35.8467085,0
              139.930449,35.846502,0
              139.930632,35.845972,0
              139.930849,35.84564,0
              139.931042,35.84538,0
              139.931731,35.844449,0
              139.931765,35.844402,0
              139.932505,35.843418,0
              139.933116,35.842606,0
              139.933835,35.841695,0
              139.934038,35.841407,0
              139.934133,35.841303,0
              139.93431,35.841109,0
              139.93459,35.840856,0
              139.935363,35.840192,0
              139.935791,35.839754,0
              139.935849,35.839627,0
              139.935996,35.838889,0
              139.936054,35.838604,0
              139.936206,35.837841,0
              139.936394,35.837059,0
              139.936515,35.836555,0
              139.936549,35.836411,0
              139.936634,35.836347,0
              139.936702,35.836294,0
              139.936828,35.836197,0
              139.936861,35.836172,0
              139.936881,35.836097,0
              139.936949,35.835839,0
              139.937064,35.835406,0
              139.937143,35.835242,0
              139.937161,35.835206,0
              139.937236,35.835048,0
              139.937278,35.834961,0
              139.937316,35.834884,0
              139.937342,35.834829,0
              139.937346,35.834821,0
              139.937371,35.834762,0
              139.937397,35.834699,0
              139.937405,35.834678,0
              139.937508,35.834704,0
              139.937575,35.834721,0
              139.937682,35.834747,0
              139.937894,35.834801,0
              139.937947,35.834671,0
              139.938051,35.834417,0
              139.938003,35.834211,0
              139.93809,35.834049,0
              139.938153,35.833931,0
              139.938207,35.833831,0
              139.938324,35.833878,0
              139.938341,35.833884,0
              139.93893,35.834118,0
              139.939079,35.834087,0
              139.939115,35.834131,0
              139.939183,35.834214,0
              139.939207,35.834318,0
              139.939236,35.834446,0
              139.939239,35.83446,0
              139.93927,35.834595,0
              139.939711,35.83465,0
              139.939723,35.834652,0
              139.939961,35.834682,0
              139.940182,35.834709,0
              139.94033,35.834728,0
              139.940421,35.83474,0
              139.940529,35.8347572,0
              139.9407,35.834779,0
              139.941236,35.835087,0
              139.941367,35.834972,0
              139.941481,35.834872,0
              139.942088,35.834892,0
              139.942194,35.834867,0
              139.942548,35.83478,0
              139.943295,35.834906,0
              139.943463,35.834934,0
              139.943541,35.834947,0
              139.943937,35.834902,0
              139.944211,35.834829,0
              139.944337,35.834839,0
              139.944476,35.834985,0
              139.944385,35.835141,0
              139.944305,35.835279,0
              139.944277,35.835328,0
              139.944167,35.835448,0
              139.944047,35.835983,0
              139.943977,35.836555,0
              139.943996,35.836609,0
              139.944012,35.836652,0
              139.944034,35.836714,0
              139.944039,35.836727,0
              139.944053,35.836765,0
              139.944406,35.836965,0
              139.944806,35.836999,0
              139.945086,35.836946,0
              139.945313,35.836884,0
              139.945427,35.836811,0
              139.945505,35.836761,0
              139.945659,35.8366633,0
              139.94583,35.836556,0
              139.946025,35.836426,0
              139.946451,35.83633,0
              139.94658,35.836243,0
              139.946908,35.836236,0
              139.947143,35.836232,0
              139.947291,35.83637,0
              139.947489,35.836556,0
              139.947626,35.836714,0
              139.947704,35.836767,0
              139.947776,35.836806,0
              139.947835,35.836793,0
              139.948128,35.836729,0
              139.948374,35.836623,0
              139.948487,35.836556,0
              139.948562,35.836535,0
              139.948847,35.836456,0
              139.948956,35.836425,0
              139.949082,35.83639,0
              139.949104,35.836384,0
              139.948862,35.83582,0
              139.950786,35.835213,0
              139.950544,35.834364,0
              139.95104,35.834375,0
              139.951611,35.834301,0
              139.951618,35.8343,0
              139.951372,35.834873,0
              139.95136,35.835106,0
              139.95136,35.835345,0
              139.95136,35.835359,0
              139.951375,35.835386,0
              139.951446,35.835508,0
              139.951584,35.835748,0
              139.95173,35.835822,0
              139.951924,35.835811,0
              139.952259,35.835791,0
              139.952825,35.836556,0
              139.9528664,35.8365953,0
              139.953172,35.836893,0
              139.953275,35.837039,0
              139.953369,35.837174,0
              139.953383,35.837217,0
              139.953532,35.837204,0
              139.953677,35.837292,0
              139.953804,35.837358,0
              139.953884,35.837358,0
              139.953928,35.837314,0
              139.953879,35.837235,0
              139.953585,35.837002,0
              139.953486,35.836851,0
              139.953369,35.836673,0
              139.953327,35.836556,0
              139.953099,35.836251,0
              139.952956,35.836059,0
              139.952896,35.83598,0
              139.952849,35.835918,0
              139.952783,35.83583,0
              139.952733,35.835763,0
              139.952729,35.835757,0
              139.952691,35.835707,0
              139.952194,35.83534,0
              139.95202,35.835114,0
              139.95202,35.834945,0
              139.952272,35.834498,0
              139.952733,35.834462,0
              139.952814,35.834435,0
              139.952844,35.834372,0
              139.952724,35.834149,0
              139.952851,35.834044,0
              139.953208,35.83394,0
              139.953648,35.833963,0
              139.953762,35.833969,0
              139.953996,35.833956,0
              139.954668,35.833918,0
              139.955322,35.833926,0
              139.955407,35.83394,0
              139.956314,35.834087,0
              139.956379,35.834144,0
              139.956611,35.834349,0
              139.956788,35.834505,0
              139.957089,35.834639,0
              139.957174,35.834685,0
              139.957176,35.834686,0
              139.957439,35.834829,0
              139.957543,35.834985,0
              139.957508,35.83514,0
              139.957163,35.835434,0
              139.95696,35.83562,0
              139.95692,35.835656,0
              139.956889,35.835684,0
              139.956754,35.835807,0
              139.956748,35.835813,0
              139.956462,35.836075,0
              139.956425,35.836109,0
              139.956434,35.836227,0
              139.956442,35.836333,0
              139.956459,35.836556,0
              139.956434,35.836646,0
              139.956313,35.836663,0
              139.956257,35.836662,0
              139.956011,35.836659,0
              139.955909,35.836785,0
              139.955886,35.837011,0
              139.955882,35.837056,0
              139.955864,35.837086,0
              139.955774,35.8371,0
              139.955615,35.8371,0
              139.954836,35.8371,0
              139.954791,35.837174,0
              139.954759,35.837568,0
              139.954737,35.837826,0
              139.954584,35.838317,0
              139.954351,35.838813,0
              139.95424,35.838861,0
              139.954158,35.838856,0
              139.954081,35.839014,0
              139.954067,35.839038,0
              139.953983,35.839178,0
              139.953764,35.839544,0
              139.953703,35.839622,0
              139.953534,35.839838,0
              139.953129,35.840359,0
              139.952912,35.84062,0
              139.95286,35.840682,0
              139.952651,35.840933,0
              139.952341,35.841306,0
              139.952231,35.841437,0
              139.952188,35.841487,0
              139.952124,35.841618,0
              139.952024,35.841823,0
              139.95202,35.841839,0
              139.951935,35.842197,0
              139.951916,35.84228,0
              139.951906,35.842322,0
              139.951885,35.842408,0
              139.951891,35.842461,0
              139.951937,35.842874,0
              139.951983,35.843291,0
              139.951994,35.843377,0
              139.952017,35.843567,0
              139.952026,35.84364,0
              139.952043,35.843778,0
              139.952074,35.844024,0
              139.952089,35.844112,0
              139.952104,35.84419,0
              139.952205,35.844757,0
              139.952243,35.844972,0
              139.952258,35.84507,0
              139.952278,35.845196,0
              139.952304,35.845356,0
              139.952322,35.845472,0
              139.952338,35.845575,0
              139.952345,35.845618,0
              139.952359,35.845707,0
              139.952371,35.845786,0
              139.952388,35.845888,0
              139.952409,35.846021,0
              139.952429,35.846152,0
              139.952451,35.846291,0
              139.952475,35.84662,0
              139.952529,35.847356,0
              139.952549,35.847813,0
              139.952554,35.847949,0
              139.952559,35.848062,0
              139.952564,35.848179,0
              139.952568,35.848283,0
              139.952568,35.848286,0
              139.952572,35.848396,0
              139.952575,35.848501,0
              139.95258,35.84865,0
              139.952584,35.848765,0
              139.952588,35.848892,0
              139.952591,35.849002,0
              139.952595,35.849109,0
              139.952598,35.849213,0
              139.952602,35.849356,0
              139.952606,35.849465,0
              139.952611,35.849619,0
              139.952614,35.84972,0
              139.952614,35.849736,0
              139.952615,35.849855,0
              139.952615,35.849964,0
              139.952616,35.85009,0
              139.952616,35.850144,0
              139.952616,35.85019,0
              139.952617,35.8503287,0
              139.952618,35.850441,0
              139.952619,35.850568,0
              139.952619,35.850679,0
              139.95262,35.850808,0
              139.95262,35.850911,0
              139.952621,35.85093,0
              139.952613,35.851018,0
              139.952594,35.851252,0
              139.952591,35.851261,0
              139.952574,35.851301,0
              139.952516,35.851437,0
              139.952514,35.85144,0
              139.952458,35.851506,0
              139.952444,35.851512,0
              139.952333,35.851557,0
              139.952328,35.851559,0
              139.952187,35.851576,0
              139.952068,35.851591,0
              139.952055,35.851591,0
              139.951889,35.851589,0
              139.951742,35.851587,0
              139.951607,35.851585,0
              139.951468,35.851584,0
              139.951341,35.851582,0
              139.9512088,35.8515658,0
              139.9511086,35.8515546,0
              139.9510178,35.8515283,0
              139.95095,35.8515108,0
              139.9507035,35.8514035,0
              139.9505078,35.8515895,0
              139.9504401,35.8516582,0
              139.9503938,35.8516994,0
              139.950126,35.8519425,0
              139.950041,35.852028,0
              139.949906,35.852139,0
              139.948688,35.853245,0
              139.948643,35.853285,0
              139.9486,35.853325,0
              139.948519,35.853397,0
              139.948458,35.853452,0
              139.947822,35.85402,0
              139.947721,35.854111,0
              139.947202,35.854574,0
              139.947375,35.854716,0
              139.947476,35.854693,0
              139.947642,35.854722,0
              139.947793,35.854781,0
              139.947865,35.854886,0
              139.947894,35.854997,0
              139.947879,35.855173,0
              139.947874,35.855189,0
              139.947829,35.855337,0
              139.947749,35.855431,0
              139.947742,35.855435,0
              139.947305,35.855682,0
              139.947246,35.855717,0
              139.947159,35.855769,0
              139.94709,35.855809,0
              139.947003,35.855861,0
              139.946948,35.855894,0
              139.946896,35.855924,0
              139.946861,35.855945,0
              139.946794,35.855985,0
              139.946771,35.855998,0
              139.94668,35.856,0
              139.946579,35.856001,0
              139.946532,35.856002,0
              139.946394,35.855953,0
              139.946363,35.855928,0
              139.946263,35.855843,0
              139.946233,35.855819,0
              139.946184,35.855758,0
              139.946123,35.855681,0
              139.946094,35.855594,0
              139.946071,35.855526,0
              139.946038,35.855427,0
              139.946022,35.855378,0
              139.945997,35.855062,0
              139.94599,35.854967,0
              139.945975,35.854928,0
              139.945962,35.854896,0
              139.945919,35.854862,0
              139.945751,35.854732,0
              139.945097,35.854279,0
              139.944992,35.854207,0
              139.944958,35.85418,0
              139.944864,35.854106,0
              139.94474,35.85401,0
              139.944628,35.853922,0
              139.944555,35.853833,0
              139.944514,35.853717,0
              139.944481,35.853448,0
              139.944394,35.853076,0
              139.944348,35.852981,0
              139.944339,35.852963,0
              139.94415,35.852717,0
              139.943814,35.852316,0
              139.943704,35.852234,0
              139.943617,35.8522,0
              139.943543,35.852211,0
              139.9431538,35.8524219,0
              139.9430748,35.8524427,0
              139.942882,35.852462,0
              139.942625,35.852319,0
              139.942377,35.852192,0
              139.94195,35.851992,0
              139.941832,35.851937,0
              139.941739,35.851892,0
              139.941597,35.851825,0
              139.941423,35.851742,0
              139.941253,35.851712,0
              139.94112,35.851716,0
              139.941084,35.851734,0
              139.940986,35.851782,0
              139.9409,35.851824,0
              139.940898,35.851828,0
              139.940846,35.851918,0
              139.94084,35.851929,0
              139.940829,35.851954,0
              139.940791,35.852039,0
              139.940764,35.8521,0
              139.940869,35.852195,0
              139.940918,35.852239,0
              139.940968,35.852339,0
              139.940978,35.852424,0
              139.940973,35.852548,0
              139.940936,35.852742,0
              139.940863,35.85294,0
              139.940812,35.852989,0
              139.940716,35.852996,0
              139.940683,35.852996,0
              139.940257,35.853,0
              139.940229,35.852974,0
              139.940174,35.852742,0
              139.940128,35.852679,0
              139.940068,35.852656,0
              139.939931,35.85266,0
              139.939896,35.852666,0
              139.939534,35.852723,0
              139.939448,35.852674,0
              139.938882,35.852348,0
              139.938794,35.852297,0
              139.938723,35.852255,0
              139.938431,35.852084,0
              139.93833,35.852025,0
              139.938286,35.851999,0
              139.938118,35.851901,0
              139.937986,35.851835,0
              139.937892,35.851788,0
              139.937854,35.851591,0
              139.93785,35.851573,0
              139.937843,35.851536,0
              139.937837,35.851507,0
              139.937801,35.851351,0
              139.937796,35.851332,0
              139.937718,35.851145,0
              139.937552,35.851017,0
              139.937324,35.850925,0
              139.937313,35.85092,0
              139.937154,35.850888,0
              139.937002,35.850857,0
              139.936916,35.85084,0
              139.936821,35.850821,0
              139.936459,35.850748,0
              139.936244,35.850702,0
              139.936138,35.85068,0
              139.935848,35.850617,0
              139.935684,35.850582,0
              139.935478,35.850538,0
              139.935212,35.850576,0
              139.935156,35.850609,0
              139.935147,35.850691,0
              139.935143,35.850777,0
              139.935088,35.850826,0
              139.934922,35.850856,0
              139.934675,35.850741,0
              139.934629,35.850842,0
              139.934546,35.851024,0
              139.934518,35.851085,0
              139.934457,35.851349,0
              139.934432,35.851457,0
              139.934425,35.851501,0
              139.934386,35.851731,0
              139.934384,35.851742,0
              139.934371,35.851816,0
              139.934352,35.851933,0
              139.934331,35.852057,0
              139.934309,35.852186,0
              139.934276,35.852379,0
              139.934245,35.85246,0
              139.934195,35.852589,0
              139.934138,35.852737,0
              139.934131,35.852774,0
              139.934094,35.852978,0
              139.934093,35.852984,0
              139.934093,35.853149,0
              139.934194,35.853387,0
              139.934273,35.853483,0
              139.934562,35.853637,0
              139.935123,35.853937,0
              139.936241,35.854526,0
              139.936273,35.854543,0
              139.936453,35.854664,0
              139.936732,35.854934,0
              139.936826,35.855025,0
              139.937045,35.855237,0
              139.937125,35.855288,0
              139.937204,35.855287,0
              139.937356,35.855284,0
              139.93738,35.855279,0
              139.93748,35.855261,0
              139.937609,35.855201,0
              139.937716,35.855142,0
              139.937829,35.855036,0
              139.937936,35.854853,0
              139.938009,35.854757,0
              139.938173,35.854656,0
              139.938285,35.854638,0
              139.938398,35.854665,0
              139.938493,35.854761,0
              139.93855,35.85505,0
              139.938555,35.855164,0
              139.938668,35.855435,0
              139.938801,35.855676,0
              139.938801,35.855756,0
              139.938768,35.85584,0
              139.938702,35.855923,0
              139.938658,35.855947,0
              139.938577,35.855959,0
              139.938449,35.855961,0
              139.938357,35.855962,0
              139.938205,35.855984,0
              139.938148,35.855992,0
              139.938038,35.856042,0
              139.937987,35.85618,0
              139.937976,35.856272,0
              139.937968,35.856359,0
              139.937983,35.856429,0
              139.938056,35.85659,0
              139.938141,35.856697,0
              139.938313,35.856757,0
              139.938359,35.856755,0
              139.938599,35.856748,0
              139.938872,35.85673,0
              139.939169,35.856709,0
              139.939223,35.856692,0
              139.939337,35.856656,0
              139.939521,35.856611,0
              139.939759,35.856548,0
              139.940073,35.856449,0
              139.940101,35.856441,0
              139.940218,35.856441,0
              139.94025,35.856449,0
              139.940438,35.856501,0
              139.940458,35.856519,0
              139.940907,35.856933,0
              139.940957,35.856979,0
              139.940985,35.857009,0
              139.941228,35.857272,0
              139.941383,35.857358,0
              139.941628,35.857492,0
              139.941797,35.8576,0
              139.941973,35.857749,0
              139.942099,35.857915,0
              139.942161,35.857962,0
              139.942275,35.85802,0
              139.942524,35.858145,0
              139.942656,35.858179,0
              139.942828,35.858179,0
              139.942852,35.858173,0
              139.94295,35.858145,0
              139.943048,35.858085,0
              139.943174,35.857964,0
              139.94327,35.857841,0
              139.943436,35.857689,0
              139.943635,35.857507,0
              139.943844,35.857391,0
              139.943993,35.857339,0
              139.944093,35.857333,0
              139.944239,35.857344,0
              139.944394,35.857367,0
              139.944622,35.857375,0
              139.944682,35.857378,0
              139.944877,35.857417,0
              139.945116,35.857466,0
              139.945573,35.857564,0
              139.945844,35.857621,0
              139.945958,35.857646,0
              139.94602,35.857659,0
              139.946058,35.857667,0
              139.946102,35.857676,0
              139.9467,35.857772,0
              139.947055,35.857813,0
              139.947253,35.857837,0
              139.947676,35.857886,0
              139.947788,35.8579,0
              139.947889,35.857912,0
              139.948163,35.857925,0
              139.94825,35.857929,0
              139.948344,35.857933,0
              139.948608,35.857946,0
              139.948711,35.857951,0
              139.94873,35.857952,0
              139.948773,35.857954,0
              139.948999,35.857962,0
              139.949049,35.857986,0
              139.94907,35.858031,0
              139.949071,35.858032,0
              139.949068,35.85807,0
              139.949064,35.858123,0
              139.94901,35.85831,0
              139.948942,35.858439,0
              139.948859,35.858517,0
              139.948787,35.858547,0
              139.948518,35.858603,0
              139.948482,35.858611,0
              139.948374,35.858632,0
              139.948331,35.858653,0
              139.948319,35.858677,0
              139.948298,35.85872,0
              139.948222,35.858988,0
              139.948186,35.859114,0
              139.948183,35.859123,0
              139.94818,35.859153,0
              139.948163,35.859296,0
              139.948154,35.85937,0
              139.94809,35.859435,0
              139.947831,35.859701,0
              139.947752,35.859782,0
              139.947356,35.860257,0
              139.947338,35.860277,0
              139.946836,35.860811,0
              139.946822,35.860826,0
              139.946699,35.860956,0
              139.946639,35.861019,0
              139.946523,35.861145,0
              139.946453,35.86122,0
              139.946356,35.861326,0
              139.946277,35.861411,0
              139.945548,35.862197,0
              139.945459,35.862295,0
              139.945109,35.862685,0
              139.945035,35.862767,0
              139.944906,35.86291,0
              139.944856,35.862966,0
              139.944771,35.863059,0
              139.944696,35.863066,0
              139.944564,35.863039,0
              139.944248,35.863013,0
              139.944086,35.86303,0
              139.943905,35.863,0
              139.943792,35.862981,0
              139.943697,35.862962,0
              139.943667,35.862956,0
              139.943597,35.862943,0
              139.943582,35.86294,0
              139.943519,35.862933,0
              139.943492,35.862962,0
              139.943365,35.863294,0
              139.94336,35.863321,0
              139.943336,35.863461,0
              139.943311,35.863611,0
              139.943208,35.863599,0
              139.943114,35.863589,0
              139.943064,35.863599,0
              139.943033,35.863637,0
              139.942955,35.86383,0
              139.942763,35.864395,0
              139.942641,35.864389,0
              139.9425882,35.8645617,0
              139.9425596,35.8645721,0
              139.9424667,35.8645612,0
              139.9420094,35.8644957,0
              139.9415187,35.8645216,0
              139.9412248,35.8645595,0
              139.9409551,35.8645997,0
              139.9408299,35.864614,0
              139.9405815,35.8646569,0
              139.9404136,35.8646758,0
              139.9402165,35.8647119,0
              139.9398665,35.8647771,0
              139.9397055,35.8648008,0
              139.9394477,35.8648429,0
              139.9391941,35.8648908,0
              139.9389946,35.864885,0
              139.938611,35.864817,0
              139.938327,35.864866,0
              139.937976,35.864926,0
              139.93724,35.865056,0
              139.937064,35.86509,0
              139.936809,35.865139,0
              139.936433,35.865221,0
              139.936274,35.86524,0
              139.936159,35.865254,0
              139.935768,35.865232,0
              139.935564,35.865221,0
              139.935516,35.865212,0
              139.935242,35.865164,0
              139.934819,35.865119,0
              139.934529,35.865087,0
              139.93347,35.865012,0
              139.932918,35.864986,0
              139.93204,35.864944,0
              139.931504,35.864922,0
              139.931077,35.864869,0
              139.930677,35.86482,0
              139.930452,35.86477,0
              139.930351,35.864717,0
              139.930145,35.864518,0
              139.93012,35.864484,0
              139.929967,35.864282,0
              139.930206,35.863871,0
              139.930206,35.863861,0
              139.930193,35.863845,0
              139.930148,35.863829,0
              139.929701,35.863876,0
              139.929422,35.86386,0
              139.929301,35.863848,0
              139.929242,35.863824,0
              139.929225,35.863769,0
              139.929162,35.86359,0
              139.929134,35.863444,0
              139.929117,35.863358,0
              139.929015,35.862826,0
              139.928979,35.862509,0
              139.929031,35.862116,0
              139.929042,35.862031,0
              139.929044,35.862014,0
              139.929088,35.861851,0
              139.929106,35.861779,0
              139.929141,35.861652,0
              139.929163,35.861569,0
              139.929199,35.861434,0
              139.929281,35.861257,0
              139.929323,35.861166,0
              139.929409,35.860981,0
              139.929414,35.860954,0
              139.929419,35.860931,0
              139.929409,35.860897,0
              139.929358,35.86084,0
              139.929255,35.860791,0
              139.928908,35.860668,0
              139.928828,35.860657,0
              139.928739,35.860692,0
              139.928599,35.860748,0
              139.928562,35.860771,0
              139.928412,35.860862,0
              139.928223,35.861021,0
              139.927963,35.861239,0
              139.927762,35.861532,0
              139.927729,35.861646,0
              139.927733,35.861684,0
              139.927739,35.86176,0
              139.927753,35.861917,0
              139.927734,35.861947,0
              139.927701,35.861959,0
              139.927654,35.861951,0
              139.927594,35.861913,0
              139.927561,35.861845,0
              139.927548,35.861836,0
              139.927486,35.861795,0
              139.927369,35.861788,0
              139.927127,35.861889,0
              139.926986,35.861947,0
              139.926627,35.862093,0
              139.926499,35.862145,0
              139.926254,35.862306,0
              139.926184,35.862443,0
              139.926156,35.862599,0
              139.92617,35.862721,0
              139.926215,35.862817,0
              139.926287,35.862971,0
              139.926371,35.863099,0
              139.926759,35.863483,0
              139.92682,35.863616,0
              139.926825,35.863665,0
              139.926788,35.863703,0
              139.926699,35.863726,0
              139.926614,35.863719,0
              139.926488,35.863681,0
              139.926404,35.863612,0
              139.926011,35.863186,0
              139.92589,35.86311,0
              139.925857,35.863099,0
              139.925815,35.86311,0
              139.925743,35.863203,0
              139.925694,35.863267,0
              139.925562,35.863437,0
              139.925476,35.863549,0
              139.925286,35.863794,0
              139.925212,35.863912,0
              139.925165,35.863986,0
              139.92512,35.864057,0
              139.92512,35.864061,0
              139.92512,35.864093,0
              139.925157,35.864129,0
              139.925279,35.864154,0
              139.925798,35.864277,0
              139.926109,35.86433,0
              139.926164,35.864339,0
              139.926202,35.864345,0
              139.926203,35.864345,0
              139.926308,35.864363,0
              139.926372,35.864384,0
              139.926477,35.864418,0
              139.926571,35.864448,0
              139.926583,35.864461,0
              139.926649,35.864528,0
              139.926662,35.864648,0
              139.926757,35.865044,0
              139.926865,35.865492,0
              139.926885,35.865569,0
              139.926916,35.865689,0
              139.926941,35.865784,0
              139.926948,35.865812,0
              139.927009,35.866049,0
              139.927041,35.866167,0
              139.927056,35.866225,0
              139.927083,35.866313,0
              139.927108,35.866396,0
              139.927247,35.866849,0
              139.927469,35.867571,0
              139.927486,35.867689,0
              139.927493,35.867736,0
              139.927517,35.867766,0
              139.927538,35.867792,0
              139.92767,35.867825,0
              139.928017,35.867898,0
              139.928064,35.867908,0
              139.928444,35.867988,0
              139.931181,35.868586,0
              139.931468,35.868726,0
              139.931692,35.868838,0
              139.931835,35.868959,0
              139.931967,35.869085,0
              139.93205,35.869226,0
              139.932104,35.869318,0
              139.932236,35.86942,0
              139.932455,35.869591,0
              139.932478,35.869605,0
              139.932794,35.869814,0
              139.932908,35.869898,0
              139.933063,35.86995,0
              139.933161,35.86995,0
              139.933178,35.869926,0
              139.933183,35.869861,0
              139.933219,35.869501,0
              139.933224,35.86946,0
              139.933339,35.869151,0
              139.933361,35.868959,0
              139.933419,35.868442,0
              139.933436,35.868111,0
              139.933465,35.868074,0
              139.933568,35.868041,0
              139.934183,35.867969,0
              139.934228,35.867964,0
              139.934682,35.867911,0
              139.934782,35.867899,0
              139.934933,35.867881,0
              139.935386,35.867914,0
              139.93552,35.867937,0
              139.935595,35.868046,0
              139.93561,35.868069,0
              139.935657,35.868138,0
              139.935707,35.868201,0
              139.935818,35.868343,0
              139.93603,35.868474,0
              139.936122,35.868483,0
              139.936152,35.868477,0
              139.936305,35.86845,0
              139.936403,35.868417,0
              139.936574,35.868394,0
              139.936793,35.868376,0
              139.936834,35.868377,0
              139.937011,35.868384,0
              139.937213,35.868392,0
              139.937331,35.868396,0
              139.937523,35.868404,0
              139.937701,35.868432,0
              139.937868,35.868535,0
              139.938028,35.868684,0
              139.938286,35.868834,0
              139.93834,35.86887,0
              139.938481,35.868964,0
              139.938698,35.869135,0
              139.938739,35.869171,0
              139.93876,35.869189,0
              139.938834,35.869252,0
              139.938906,35.869314,0
              139.938945,35.869347,0
              139.93904,35.869428,0
              139.939076,35.869469,0
              139.939115,35.869514,0
              139.939246,35.869664,0
              139.939291,35.869668,0
              139.939428,35.869702,0
              139.939476,35.869714,0
              139.939541,35.869707,0
              139.939589,35.869702,0
              139.939658,35.869684,0
              139.939799,35.869594,0
              139.939889,35.869521,0
              139.940024,35.869413,0
              139.940196,35.869275,0
              139.940432,35.869085,0
              139.940511,35.868991,0
              139.940584,35.868904,0
              139.940629,35.868851,0
              139.940706,35.868754,0
              139.940803,35.868369,0
              139.940833,35.868246,0
              139.94085,35.868181,0
              139.940878,35.868067,0
              139.940903,35.867968,0
              139.940925,35.867882,0
              139.940949,35.867785,0
              139.940978,35.867723,0
              139.941021,35.867632,0
              139.941045,35.86758,0
              139.941114,35.867593,0
              139.941163,35.86761,0
              139.94117,35.867656,0
              139.94117,35.867867,0
              139.941128,35.868107,0
              139.941163,35.868342,0
              139.941381,35.868748,0
              139.941494,35.868857,0
              139.941568,35.868914,0
              139.941649,35.868977,0
              139.941677,35.869058,0
              139.941654,35.869222,0
              139.941649,35.869264,0
              139.941565,35.869669,0
              139.941567,35.869824,0
              139.941572,35.870265,0
              139.941558,35.870385,0
              139.9416,35.870506,0
              139.941726,35.870637,0
              139.941818,35.870724,0
              139.942113,35.870901,0
              139.942212,35.87093,0
              139.942426,35.870907,0
              139.942434,35.870906,0
              139.942559,35.870898,0
              139.942599,35.870919,0
              139.942563,35.870973,0
              139.942549,35.871011,0
              139.942559,35.871032,0
              139.942869,35.871075,0
              139.943003,35.871098,0
              139.943037,35.871103,0
              139.943115,35.871116,0
              139.943222,35.871119,0
              139.943313,35.871122,0
              139.943418,35.871125,0
              139.943683,35.871133,0
              139.943928,35.871171,0
              139.944059,35.871228,0
              139.944061,35.871229,0
              139.944106,35.871248,0
              139.944235,35.871321,0
              139.944311,35.871402,0
              139.944327,35.871458,0
              139.944321,35.871536,0
              139.94429,35.871616,0
              139.944269,35.871689,0
              139.944189,35.871963,0
              139.944206,35.872045,0
              139.944245,35.872132,0
              139.944419,35.872296,0
              139.944563,35.872422,0
              139.944728,35.872651,0
              139.944786,35.872732,0
              139.944948,35.87294,0
              139.944975,35.872974,0
              139.944983,35.872985,0
              139.945047,35.873047,0
              139.945135,35.873132,0
              139.945159,35.873155,0
              139.945213,35.873194,0
              139.945218,35.873197,0
              139.945313,35.873223,0
              139.945565,35.87329,0
              139.945712,35.873355,0
              139.945858,35.873459,0
              139.946037,35.873584,0
              139.946158,35.87362,0
              139.946268,35.873635,0
              139.946373,35.873624,0
              139.946408,35.87362,0
              139.946633,35.873575,0
              139.94688,35.873525,0
              139.947172,35.873457,0
              139.947615,35.873305,0
              139.947928,35.873173,0
              139.94811,35.873132,0
              139.948381,35.873111,0
              139.948648,35.873149,0
              139.948798,35.873179,0
              139.948922,35.873179,0
              139.949123,35.873111,0
              139.94956,35.87289,0
              139.949915,35.872661,0
              139.950014,35.872637,0
              139.950321,35.872631,0
              139.950398,35.872649,0
              139.950423,35.872682,0
              139.950423,35.872721,0
              139.950379,35.872875,0
              139.950368,35.873036,0
              139.950343,35.87308,0
              139.950339,35.873087,0
              139.950293,35.873166,0
              139.950281,35.873188,0
              139.950255,35.873209,0
              139.950211,35.873212,0
              139.949831,35.873247,0
              139.949696,35.873283,0
              139.949562,35.873344,0
              139.949418,35.873411,0
              139.949179,35.87348,0
              139.949059,35.873486,0
              139.949053,35.873486,0
              139.948982,35.873489,0
              139.948874,35.873541,0
              139.948766,35.873593,0
              139.948587,35.873641,0
              139.948528,35.873647,0
              139.94836,35.873667,0
              139.948071,35.873751,0
              139.947944,35.873797,0
              139.947733,35.873874,0
              139.947586,35.873928,0
              139.947412,35.873992,0
              139.947328,35.874022,0
              139.947299,35.874028,0
              139.947175,35.87405,0
              139.947131,35.874058,0
              139.947037,35.874071,0
              139.946913,35.874087,0
              139.946799,35.874103,0
              139.946797,35.874103,0
              139.946794,35.874102,0
              139.946787,35.874101,0
              139.946664,35.874079,0
              139.946632,35.874073,0
              139.946546,35.87406,0
              139.946304,35.874022,0
              139.945966,35.873969,0
              139.94583,35.873921,0
              139.945652,35.873859,0
              139.945428,35.873781,0
              139.945103,35.873641,0
              139.944733,35.873457,0
              139.944678,35.873376,0
              139.944589,35.873215,0
              139.944484,35.873025,0
              139.944409,35.872894,0
              139.944275,35.872657,0
              139.944267,35.872643,0
              139.944215,35.872596,0
              139.944158,35.872545,0
              139.94415,35.872539,0
              139.943576,35.872113,0
              139.943059,35.871904,0
              139.942924,35.871864,0
              139.94282,35.871834,0
              139.942762,35.871817,0
              139.942677,35.871792,0
              139.942277,35.871675,0
              139.942136,35.871636,0
              139.942043,35.871611,0
              139.941949,35.871585,0
              139.941867,35.871588,0
              139.941799,35.871591,0
              139.941708,35.871618,0
              139.941697,35.871623,0
              139.941559,35.871689,0
              139.941484,35.871724,0
              139.941214,35.871853,0
              139.941166,35.871886,0
              139.941166,35.871906,0
              139.941313,35.872171,0
              139.941401,35.872505,0
              139.94143,35.87252,0
              139.94151,35.872526,0
              139.941714,35.872546,0
              139.941839,35.872559,0
              139.941858,35.872577,0
              139.941861,35.872645,0
              139.941755,35.872963,0
              139.941693,35.873178,0
              139.941689,35.873193,0
              139.941568,35.873611,0
              139.941554,35.873658,0
              139.941301,35.874496,0
              139.941243,35.874633,0
              139.941226,35.874672,0
              139.94121,35.874711,0
              139.941179,35.87475,0
              139.941132,35.874811,0
              139.941078,35.87488,0
              139.941072,35.874888,0
              139.941034,35.874937,0
              139.94088,35.875176,0
              139.940809,35.875287,0
              139.940785,35.875308,0
              139.940518,35.875541,0
              139.940512,35.875546,0
              139.940479,35.875554,0
              139.940423,35.87557,0
              139.940334,35.875573,0
              139.940199,35.875578,0
              139.940157,35.875594,0
              139.940105,35.875614,0
              139.940076,35.875649,0
              139.940055,35.875675,0
              139.940055,35.875804,0
              139.940077,35.875996,0
              139.94011,35.876285,0
              139.940249,35.877098,0
              139.940269,35.877216,0
              139.940214,35.87766,0
              139.940216,35.87774,0
              139.940222,35.878153,0
              139.940223,35.878202,0
              139.940224,35.878275,0
              139.940224,35.878872,0
              139.940268,35.879375,0
              139.940271,35.879417,0
              139.940289,35.879623,0
              139.940378,35.880036,0
              139.940398,35.88013,0
              139.940428,35.880269,0
              139.940492,35.880567,0
              139.940522,35.880707,0
              139.940621,35.881231,0
              139.940623,35.881239,0
              139.940746,35.881886,0
              139.940766,35.882279,0
              139.940757,35.882534,0
              139.940741,35.883014,0
              139.940747,35.883287,0
              139.94077,35.883534,0
              139.940821,35.883694,0
              139.940914,35.88377,0
              139.940947,35.883786,0
              139.940988,35.883806,0
              139.941019,35.883822,0
              139.941025,35.883829,0
              139.941064,35.883867,0
              139.941085,35.883956,0
              139.941136,35.884247,0
              139.941211,35.884456,0
              139.941325,35.884705,0
              139.941345,35.884741,0
              139.941339,35.884777,0
              139.941304,35.884813,0
              139.94128,35.884825,0
              139.94115,35.884889,0
              139.940634,35.885032,0
              139.940236,35.885136,0
              139.940023,35.885158,0
              139.939501,35.885247,0
              139.939334,35.885275,0
              139.938837,35.88536,0
              139.938025,35.885514,0
              139.937984,35.885515,0
              139.937784,35.885522,0
              139.937558,35.88553,0
              139.936681,35.885673,0
              139.936344,35.885721,0
              139.935926,35.885751,0
              139.935543,35.885735,0
              139.935291,35.885703,0
              139.934956,35.88566,0
              139.934884,35.885651,0
              139.93475,35.885634,0
              139.934426,35.885594,0
              139.934031,35.885544,0
              139.933707,35.885473,0
              139.9336,35.885449,0
              139.933545,35.885452,0
              139.933459,35.8855,0
              139.933047,35.885801,0
              139.932308,35.886345,0
              139.932097,35.886507,0
              139.931963,35.88665,0
              139.931913,35.886807,0
              139.931887,35.886887,0
              139.931864,35.886987,0
              139.931887,35.887101,0
              139.931934,35.887201,0
              139.932045,35.887303,0
              139.932273,35.887369,0
              139.933101,35.887426,0
              139.933247,35.887436,0
              139.933294,35.887417,0
              139.933317,35.88735,0
              139.933311,35.887179,0
              139.933341,35.887132,0
              139.933393,35.887103,0
              139.934263,35.887174,0
              139.934494,35.887196,0
              139.934811,35.887226,0
              139.934923,35.887237,0
              139.935078,35.887251,0
              139.93563,35.887303,0
              139.935788,35.887422,0
              139.93587,35.887683,0
              139.935981,35.888021,0
              139.934966,35.888169,0
              139.934727,35.888215,0
              139.934708,35.888219,0
              139.934574,35.888244,0
              139.934633,35.888447,0
              139.934638,35.888464,0
              139.934832,35.889142,0
              139.934895,35.889362,0
              139.934949,35.889533,0
              139.934992,35.889671,0
              139.935065,35.889905,0
              139.934159,35.890041,0
              139.933863,35.890086,0
              139.933979,35.89065,0
              139.93398,35.890655,0
              139.934266,35.890641,0
              139.93433,35.890732,0
              139.934406,35.891151,0
              139.934628,35.892306,0
              139.934663,35.892509,0
              139.934639,35.892589,0
              139.934347,35.893116,0
              139.934102,35.893534,0
              139.933817,35.894012,0
              139.933594,35.894386,0
              139.933074,35.895332,0
              139.932842,35.895809,0
              139.932804,35.895887,0
              139.932757,35.895984,0
              139.932606,35.896294,0
              139.932584,35.896349,0
              139.932215,35.897261,0
              139.931946,35.897878,0
              139.931812,35.898082,0
              139.931754,35.898149,0
              139.931537,35.898279,0
              139.931352,35.89832,0
              139.930317,35.898554,0
              139.930148,35.898602,0
              139.930184,35.898758,0
              139.930212,35.898876,0
              139.930221,35.898914,0
              139.930265,35.899102,0
              139.930363,35.899524,0
              139.930323,35.899765,0
              139.930136,35.900186,0
              139.93006,35.900324,0
              139.929839,35.900732,0
              139.929793,35.900769,0
              139.929731,35.900769,0
              139.929166,35.900764,0
              139.92354,35.900608,0
              139.923112,35.900576,0
              139.922565,35.900492,0
              139.922421,35.900442,0
              139.922167,35.900355,0
              139.922104,35.900334,0
              139.922035,35.90031,0
              139.921772,35.90022,0
              139.921757,35.900215,0
              139.921622,35.90017,0
              139.921482,35.900124,0
              139.921333,35.900074,0
              139.92129,35.90006,0
              139.921212,35.900034,0
              139.921046,35.899979,0
              139.92093,35.899941,0
              139.920019,35.899639,0
              139.919874,35.899619,0
              139.919713,35.899548,0
              139.919638,35.899523,0
              139.919544,35.899491,0
              139.919361,35.899193,0
              139.919325,35.899133,0
              139.919318,35.899115,0
              139.919288,35.899038,0
              139.919267,35.898984,0
              139.919267,35.898945,0
              139.919313,35.898917,0
              139.919347,35.898896,0
              139.919416,35.898862,0
              139.91955,35.898797,0
              139.919943,35.898605,0
              139.920363,35.898393,0
              139.920495,35.898326,0
              139.920835,35.89817,0
              139.921518,35.897915,0
              139.921704,35.897841,0
              139.921774,35.897812,0
              139.921796,35.897777,0
              139.921786,35.897742,0
              139.921236,35.896869,0
              139.921189,35.896761,0
              139.921197,35.896681,0
              139.921203,35.896669,0
              139.921252,35.896579,0
              139.921444,35.896406,0
              139.921701,35.896176,0
              139.921793,35.896093,0
              139.922241,35.895659,0
              139.922402,35.895486,0
              139.922929,35.894919,0
              139.923243,35.894556,0
              139.923302,35.894487,0
              139.923514,35.894242,0
              139.923622,35.894138,0
              139.923692,35.894091,0
              139.92435,35.893646,0
              139.924587,35.893452,0
              139.924821,35.893201,0
              139.924823,35.893198,0
              139.924884,35.893132,0
              139.925062,35.892941,0
              139.925363,35.892618,0
              139.925423,35.892553,0
              139.925531,35.892438,0
              139.925592,35.892376,0
              139.925609,35.892359,0
              139.925916,35.892049,0
              139.926038,35.891926,0
              139.926122,35.891841,0
              139.92616,35.891808,0
              139.926291,35.891693,0
              139.926669,35.891352,0
              139.92685,35.891203,0
              139.926948,35.891123,0
              139.927068,35.891024,0
              139.927405,35.890709,0
              139.927649,35.890576,0
              139.928117,35.890437,0
              139.928511,35.890289,0
              139.928698,35.890192,0
              139.929048,35.89004,0
              139.929137,35.889975,0
              139.929186,35.889914,0
              139.929208,35.889844,0
              139.929146,35.889678,0
              139.928973,35.889509,0
              139.928851,35.889334,0
              139.928844,35.889202,0
              139.928838,35.889077,0
              139.928826,35.888842,0
              139.928857,35.888597,0
              139.92898,35.888471,0
              139.929085,35.888381,0
              139.929386,35.888151,0
              139.929466,35.88809,0
              139.929564,35.887974,0
              139.929626,35.887834,0
              139.929737,35.887454,0
              139.929798,35.887244,0
              139.929946,35.886902,0
              139.930048,35.886691,0
              139.930057,35.886672,0
              139.930061,35.886614,0
              139.930069,35.886492,0
              139.930038,35.886427,0
              139.929804,35.886227,0
              139.929571,35.886112,0
              139.929189,35.885997,0
              139.928956,35.885957,0
              139.928802,35.885977,0
              139.928648,35.886052,0
              139.928531,35.886112,0
              139.928377,35.886125,0
              139.92826,35.886095,0
              139.92818,35.88604,0
              139.928156,35.885935,0
              139.928168,35.885865,0
              139.928217,35.88581,0
              139.928346,35.885769,0
              139.928553,35.885682,0
              139.928573,35.885674,0
              139.928576,35.885671,0
              139.928703,35.885548,0
              139.928703,35.885508,0
              139.928698,35.885441,0
              139.928696,35.885413,0
              139.928663,35.885301,0
              139.928649,35.885255,0
              139.928621,35.885162,0
              139.928617,35.885148,0
              139.928518,35.884818,0
              139.928507,35.884761,0
              139.928497,35.884702,0
              139.928483,35.884629,0
              139.928473,35.884577,0
              139.928444,35.884421,0
              139.928407,35.88424,0
              139.928333,35.883875,0
              139.928252,35.883576,0
              139.928228,35.883489,0
              139.928216,35.883445,0
              139.928073,35.88335,0
              139.927949,35.88332,0
              139.927685,35.88332,0
              139.927457,35.88334,0
              139.927063,35.88351,0
              139.926885,35.88334,0
              139.926781,35.88331,0
              139.926678,35.883306,0
              139.926621,35.883305,0
              139.926338,35.88337,0
              139.926159,35.88345,0
              139.925864,35.88376,0
              139.925748,35.883866,0
              139.925482,35.884107,0
              139.925179,35.884299,0
              139.924995,35.884416,0
              139.924861,35.884502,0
              139.924721,35.884645,0
              139.92455,35.884911,0
              139.92448,35.884988,0
              139.92447,35.884992,0
              139.924423,35.885011,0
              139.924321,35.885035,0
              139.924199,35.885078,0
              139.923973,35.885158,0
              139.923669,35.885271,0
              139.9234,35.885371,0
              139.923267,35.885457,0
              139.923163,35.885524,0
              139.923026,35.885637,0
              139.922955,35.885718,0
              139.922946,35.885754,0
              139.92295,35.885779,0
              139.922961,35.8858,0
              139.923009,35.885833,0
              139.92307,35.885876,0
              139.923176,35.885954,0
              139.923218,35.886033,0
              139.923254,35.886193,0
              139.923238,35.886321,0
              139.923184,35.886478,0
              139.923121,35.886625,0
              139.92303,35.88673,0
              139.922911,35.886831,0
              139.922703,35.886951,0
              139.922646,35.886978,0
              139.922571,35.886988,0
              139.922471,35.886988,0
              139.922393,35.886978,0
              139.922344,35.886946,0
              139.921756,35.886601,0
              139.921747,35.886596,0
              139.921726,35.886586,0
              139.921693,35.886586,0
              139.921666,35.886588,0
              139.921625,35.886605,0
              139.921528,35.886689,0
              139.921497,35.886715,0
              139.921495,35.886719,0
              139.921477,35.886752,0
              139.921433,35.886836,0
              139.921431,35.886839,0
              139.92139,35.886905,0
              139.921384,35.886944,0
              139.921376,35.886986,0
              139.921383,35.887079,0
              139.92149,35.887223,0
              139.921506,35.887244,0
              139.921591,35.887353,0
              139.921651,35.887429,0
              139.921719,35.887516,0
              139.921807,35.887629,0
              139.921823,35.887649,0
              139.921833,35.887662,0
              139.921999,35.887895,0
              139.922005,35.887904,0
              139.92202,35.888016,0
              139.922013,35.888078,0
              139.922002,35.888099,0
              139.921978,35.888144,0
              139.921932,35.888174,0
              139.921803,35.888213,0
              139.921615,35.888241,0
              139.921265,35.888286,0
              139.921176,35.888324,0
              139.921165,35.888336,0
              139.921116,35.88839,0
              139.921095,35.888428,0
              139.921095,35.888532,0
              139.921112,35.888591,0
              139.921184,35.888775,0
              139.921198,35.889048,0
              139.921151,35.889224,0
              139.921117,35.889337,0
              139.920849,35.889789,0
              139.920829,35.889828,0
              139.920829,35.889842,0
              139.92084,35.889859,0
              139.920846,35.889863,0
              139.920872,35.889877,0
              139.921038,35.889933,0
              139.921112,35.889981,0
              139.921166,35.890051,0
              139.921209,35.890107,0
              139.92123,35.890285,0
              139.921203,35.890748,0
              139.921219,35.890909,0
              139.921246,35.890992,0
              139.921316,35.891118,0
              139.921461,35.89125,0
              139.921604,35.891379,0
              139.921626,35.891396,0
              139.921626,35.891431,0
              139.921545,35.891487,0
              139.92146,35.891535,0
              139.921385,35.891544,0
              139.921332,35.891544,0
              139.921262,35.891509,0
              139.921154,35.891399,0
              139.921054,35.891297,0
              139.920376,35.890553,0
              139.920364,35.89054,0
              139.920268,35.890477,0
              139.920242,35.890464,0
              139.920219,35.890453,0
              139.920161,35.890442,0
              139.920108,35.890449,0
              139.92007,35.890481,0
              139.91991,35.890614,0
              139.919688,35.890713,0
              139.919348,35.890818,0
              139.919182,35.89087,0
              139.918862,35.890969,0
              139.918808,35.891,0
              139.918766,35.891024,0
              139.918718,35.891086,0
              139.918674,35.891208,0
              139.918616,35.891512,0
              139.918611,35.891594,0
              139.918635,35.891689,0
              139.918689,35.891795,0
              139.918819,35.89203,0
              139.918833,35.892089,0
              139.918833,35.89216,0
              139.918809,35.892256,0
              139.91875,35.892445,0
              139.918722,35.892534,0
              139.918713,35.892679,0
              139.918669,35.892793,0
              139.918626,35.892864,0
              139.918558,35.892951,0
              139.918549,35.89299,0
              139.918549,35.893017,0
              139.918549,35.893052,0
              139.918519,35.89308,0
              139.918438,35.893147,0
              139.918405,35.893193,0
              139.918306,35.893334,0
              139.918268,35.893389,0
              139.91819,35.89345,0
              139.918038,35.89357,0
              139.917913,35.893649,0
              139.917742,35.893756,0
              139.917539,35.893859,0
              139.9174527,35.8939034,0
              139.917368,35.893947,0
              139.917277,35.893986,0
              139.916566,35.894293,0
              139.916498,35.89431,0
              139.91644,35.894324,0
              139.916358,35.894315,0
              139.916331,35.894302,0
              139.916024,35.894146,0
              139.91562,35.893932,0
              139.915167,35.893693,0
              139.915134,35.893697,0
              139.915047,35.893831,0
              139.914971,35.893897,0
              139.914867,35.89397,0
              139.914791,35.894134,0
              139.914698,35.894467,0
              139.914583,35.894964,0
              139.914567,35.895032,0
              139.914508,35.895466,0
              139.91448,35.895677,0
              139.914447,35.895864,0
              139.91436,35.896068,0
              139.91412,35.896806,0
              139.914043,35.896954,0
              139.914042,35.896955,0
              139.913694,35.897501,0
              139.91356,35.897711,0
              139.913394,35.897972,0
              139.913323,35.898145,0
              139.913328,35.898216,0
              139.913366,35.898305,0
              139.913618,35.898532,0
              139.913864,35.898799,0
              139.913914,35.898895,0
              139.913956,35.898978,0
              139.913989,35.899043,0
              139.9141978,35.8991817,0
              139.9144801,35.8992159,0
              139.9148068,35.8992493,0
              139.9150908,35.8992779,0
              139.9151467,35.8992818,0
              139.9153864,35.8992985,0
              139.9154623,35.8993026,0
              139.9156055,35.8993132,0
              139.9156629,35.8993161,0
              139.915802,35.899391,0
              139.91633,35.899429,0
              139.916538,35.899444,0
              139.916751,35.899477,0
              139.91684,35.899491,0
              139.917007,35.899517,0
              139.917046,35.899524,0
              139.917219,35.899551,0
              139.917288,35.899561,0
              139.917389,35.899577,0
              139.917459,35.899588,0
              139.9178158,35.899635,0
              139.91786,35.899648,0
              139.918066,35.899678,0
              139.918218,35.899701,0
              139.918397,35.899727,0
              139.918553,35.89975,0
              139.918598,35.899757,0
              139.918829,35.899765,0
              139.918946,35.899758,0
              139.919069,35.89975,0
              139.919224,35.89974,0
              139.919427,35.899727,0
              139.919248,35.899851,0
              139.919026,35.900109,0
              139.918804,35.900482,0
              139.918757,35.90076,0
              139.918844,35.902222,0
              139.919097,35.90246,0
              139.919146,35.902533,0
              139.919232,35.90266,0
              139.919343,35.902924,0
              139.919399,35.903165,0
              139.919557,35.903654,0
              139.919779,35.904243,0
              139.919818,35.904345,0
              139.919906,35.904578,0
              139.91997,35.904739,0
              139.920004,35.904824,0
              139.92008,35.905016,0
              139.920131,35.905143,0
              139.920232,35.905397,0
              139.920484,35.906031,0
              139.920556,35.906432,0
              139.920484,35.90671,0
              139.920413,35.906819,0
              139.920183,35.907045,0
              139.920049,35.907219,0
              139.91993,35.907451,0
              139.919858,35.907704,0
              139.919858,35.907911,0
              139.919882,35.908293,0
              139.919886,35.908399,0
              139.919914,35.909144,0
              139.919885,35.910115,0
              139.919882,35.910197,0
              139.919919,35.910311,0
              139.919944,35.910394,0
              139.920041,35.910695,0
              139.92031,35.911282,0
              139.920461,35.91163,0
              139.920524,35.911781,0
              139.920508,35.91198,0
              139.920492,35.912187,0
              139.9205,35.912334,0
              139.92069,35.91276,0
              139.92092,35.913362,0
              139.921031,35.913775,0
              139.921015,35.914376,0
              139.921055,35.914628,0
              139.921174,35.914853,0
              139.921235,35.914942,0
              139.921428,35.915223,0
              139.921879,35.915765,0
              139.921824,35.9158,0
              139.920889,35.916397,0
              139.920463,35.916664,0
              139.920346,35.916738,0
              139.920342,35.91674,0
              139.920233,35.91683,0
              139.920204,35.916855,0
              139.920163,35.916889,0
              139.920124,35.916922,0
              139.920017,35.917011,0
              139.920011,35.917015,0
              139.919892,35.917093,0
              139.919775,35.917171,0
              139.919536,35.917328,0
              139.919343,35.917456,0
              139.919252,35.917521,0
              139.919125,35.917613,0
              139.919018,35.91769,0
              139.918994,35.917717,0
              139.918839,35.917899,0
              139.91882,35.917921,0
              139.918806,35.917935,0
              139.918704,35.918042,0
              139.918487,35.918269,0
              139.918105,35.918639,0
              139.917543,35.919032,0
              139.917384,35.919103,0
              139.917229,35.919129,0
              139.917204,35.919126,0
              139.917136,35.91912,0
              139.916626,35.919099,0
              139.916502,35.919109,0
              139.91646,35.919112,0
              139.916367,35.919183,0
              139.916363,35.919187,0
              139.916134,35.91942,0
              139.915716,35.919663,0
              139.915587,35.91971,0
              139.915546,35.91971,0
              139.915443,35.919596,0
              139.915403,35.919547,0
              139.915365,35.9195,0
              139.915293,35.919449,0
              139.915189,35.919428,0
              139.9149215,35.9194523,0
              139.914594,35.919482,0
              139.914583,35.919483,0
              139.913732,35.919567,0
              139.913064,35.91976,0
              139.912997,35.91976,0
              139.912935,35.919731,0
              139.91292,35.91968,0
              139.912909,35.919521,0
              139.912904,35.919365,0
              139.913003,35.91926,0
              139.913302,35.919181,0
              139.913937,35.919017,0
              139.914081,35.918957,0
              139.914097,35.918924,0
              139.914076,35.918861,0
              139.91387,35.918693,0
              139.913581,35.9186,0
              139.912471,35.918374,0
              139.912393,35.918571,0
              139.912368,35.918567,0
              139.912321,35.918516,0
              139.912089,35.918206,0
              139.912072,35.918179,0
              139.911994,35.91815,0
              139.911809,35.918146,0
              139.911762,35.918137,0
              139.911752,35.918104,0
              139.911799,35.917791,0
              139.911855,35.917419,0
              139.9119,35.917249,0
              139.9119993,35.9168691,0
              139.912056,35.916652,0
              139.912269,35.915746,0
              139.912301,35.915612,0
              139.912318,35.915541,0
              139.91232,35.915533,0
              139.912324,35.915512,0
              139.912389,35.915168,0
              139.912402,35.915099,0
              139.911845,35.915086,0
              139.911267,35.915141,0
              139.91089,35.915187,0
              139.910456,35.915284,0
              139.909613,35.915544,0
              139.909035,35.915792,0
              139.908483,35.915972,0
              139.908,35.916112,0
              139.907711,35.916149,0
              139.907464,35.916141,0
              139.907226,35.916099,0
              139.906664,35.916011,0
              139.906649,35.91608,0
              139.90656,35.916497,0
              139.906554,35.916527,0
              139.906534,35.916617,0
              139.906516,35.916706,0
              139.906482,35.916864,0
              139.906448,35.917075,0
              139.906391,35.917086,0
              139.906275,35.91709,0
              139.906063,35.916995,0
              139.906015,35.916974,0
              139.905782,35.916869,0
              139.905469,35.916859,0
              139.905432,35.916858,0
              139.905114,35.916952,0
              139.90499,35.916989,0
              139.904742,35.917167,0
              139.904664,35.917224,0
              139.904635,35.917247,0
              139.904261,35.917525,0
              139.904121,35.917547,0
              139.904002,35.917551,0
              139.90389,35.917553,0
              139.903659,35.91761,0
              139.90346,35.917765,0
              139.903194,35.917868,0
              139.903124,35.917919,0
              139.903089,35.918027,0
              139.903068,35.918261,0
              139.903018,35.918335,0
              139.90292,35.918358,0
              139.902738,35.918358,0
              139.902241,35.918261,0
              139.902129,35.918204,0
              139.901993,35.918107,0
              139.901954,35.918079,0
              139.901945,35.918067,0
              139.901736,35.917799,0
              139.901561,35.917543,0
              139.901167,35.916966,0
              139.901119,35.915652,0
              139.901111,35.915443,0
              139.901082,35.915293,0
              139.901059,35.915174,0
              139.901051,35.915132,0
              139.901033,35.915037,0
              139.901019,35.914967,0
              139.900872,35.914864,0
              139.900683,35.91479,0
              139.900382,35.914773,0
              139.9,35.914785,0
              139.899821,35.91479,0
              139.899637,35.914799,0
              139.8995,35.914805,0
              139.899441,35.914808,0
              139.899343,35.914813,0
              139.899216,35.914819,0
              139.899205,35.91482,0
              139.898889,35.914857,0
              139.898445,35.914909,0
              139.898304,35.914909,0
              139.898162,35.914909,0
              139.897835,35.914909,0
              139.897685,35.914909,0
              139.897352,35.914909,0
              139.897222,35.914921,0
              139.897077,35.914933,0
              139.896109,35.915018,0
              139.895591,35.915041,0
              139.895549,35.915058,0
              139.895514,35.915126,0
              139.895377,35.915179,0
              139.895332,35.915196,0
              139.895231,35.915235,0
              139.894586,35.915343,0
              139.894145,35.915377,0
              139.89364,35.915354,0
              139.893171,35.915252,0
              139.893109,35.915246,0
              139.893088,35.915243,0
              139.892667,35.915201,0
              139.892386,35.915195,0
              139.892182,35.915229,0
              139.891964,35.915309,0
              139.891768,35.915366,0
              139.891439,35.915429,0
              139.891159,35.915412,0
              139.890981,35.915402,0
              139.890603,35.915383,0
              139.890453,35.915362,0
              139.890296,35.91534,0
              139.890195,35.915326,0
              139.890036,35.915304,0
              139.889906,35.915286,0
              139.889664,35.915252,0
              139.888442,35.91504,0
              139.887909,35.914938,0
              139.887268,35.914837,0
              139.886151,35.914459,0
              139.885378,35.914159,0
              139.884948,35.914152,0
              139.884489,35.914112,0
              139.883482,35.914025,0
              139.883436,35.914021,0
              139.883376,35.914016,0
              139.883333,35.914012,0
              139.882318,35.913861,0
              139.882156,35.913837,0
              139.880917,35.913599,0
              139.879795,35.913403,0
              139.879607,35.913356,0
              139.879224,35.913262,0
              139.878513,35.913084,0
              139.878267,35.91307,0
              139.877819,35.913097,0
              139.877511,35.913148,0
              139.877225,35.913189,0
              139.876928,35.913175,0
              139.876368,35.913148,0
              139.876217,35.913127,0
              139.875752,35.913065,0
              139.875686,35.913056,0
              139.87535,35.913011,0
              139.874984,35.912961,0
              139.87475,35.912941,0
            </coordinates>
          </LinearRing>
        </outerBoundaryIs>
      </Polygon>
    </Placemark>
  </Document>
</kml>